,1st,3rd_Att,3rd_Cmp,4th_Att,4th_Cmp,Att,Away,Cmp,Fg_Att,Fg_Cmp,Fum,Home,Int,Int_Yds,Kick_Ret_Yds,Opp_1st,Opp_3rd_Att,Opp_3rd_Cmp,Opp_4th_Att,Opp_4th_Cmp,Opp_Att,Opp_Cmp,Opp_Fg_Att,Opp_Fg_Cmp,Opp_Fum,Opp_Int,Opp_Int_Yds,Opp_Kick_Ret_Yds,Opp_P_1st,Opp_Pass_Yds,Opp_Pen_Yds,Opp_Poss,Opp_Punt_Ret_Yds,Opp_Punt_Yds,Opp_Punts,Opp_R_1st,Opp_Rush_Ply,Opp_Rush_Yds,Opp_Sack_Yds,Opp_Sacks,Opp_Score,Opp_Total_Ply,Opp_Total_Y,P_1st,Pass_Yds,Pen_Yds,Poss,Punt_Ret_Yds,Punt_Yds,Punts,R_1st,Rush_Ply,Rush_Yds,Sack_Yds,Sacks,Score,Total_Ply,Total_Y,Week,Year
0,0.0,0.0,0.0,0.0,0.0,0.0,minnesota-vikings,0.0,0.0,0.0,0.0,new-orleans-saints,0.0,0.0,0.0,0.0,0.0,0.0,0.0,0.0,0.0,0.0,0.0,0.0,0.0,0.0,0.0,0.0,0.0,0.0,0.0,0.0,0.0,0.0,0.0,0.0,0.0,0.0,0.0,0.0,0.0,0.0,0.0,0.0,0.0,0.0,0.0,0.0,0.0,0.0,0.0,0.0,0.0,0.0,0.0,0.0,0.0,0.0,1.0,2010.0
1,18.0,11.0,3.0,0.0,0.0,36.0,new-orleans-saints,27.0,2.0,0.0,0.0,san-francisco-49ers,0.0,5.0,70.0,12.0,13.0,5.0,0.0,0.0,27.0,15.0,1.0,1.0,0.0,1.0,0.0,41.0,7.0,171.0,60.0,1577.0,2.0,44.3,7.0,5.0,23.0,91.0,8.0,1.0,9.0,51.0,253.0,12.0,237.0,20.0,2023.0,7.0,43.2,5.0,6.0,25.0,79.0,9.0,1.0,14.0,62.0,308.0,2.0,2010.0
2,35.0,25.0,9.0,0.0,0.0,74.0,atlanta-falcons,55.0,5.0,3.0,2.0,new-orleans-saints,0.0,16.0,160.0,36.0,22.0,10.0,0.0,0.0,59.0,38.0,1.0,1.0,0.0,3.0,0.0,104.0,19.0,446.0,100.0,3217.0,31.0,91.3,10.0,15.0,49.0,233.0,25.0,3.0,31.0,109.0,670.0,26.0,491.0,74.0,3983.0,50.0,89.9,11.0,7.0,49.0,129.0,9.0,1.0,39.0,126.0,595.0,3.0,2010.0
3,55.0,36.0,15.0,2.0,1.0,112.0,carolina-panthers,85.0,7.0,4.0,3.0,new-orleans-saints,2.0,16.0,241.0,61.0,40.0,19.0,3.0,2.0,89.0,57.0,3.0,3.0,1.0,3.0,36.0,186.0,31.0,674.0,140.0,5967.0,31.0,130.8,14.0,25.0,99.0,435.0,35.0,5.0,58.0,191.0,1087.0,43.0,856.0,112.0,5618.0,122.0,138.9,13.0,10.0,65.0,172.0,22.0,3.0,63.0,182.0,993.0,4.0,2010.0
4,82.0,50.0,23.0,2.0,1.0,160.0,new-orleans-saints,118.0,10.0,7.0,4.0,arizona-cardinals,2.0,16.0,292.0,71.0,52.0,23.0,5.0,3.0,110.0,68.0,3.0,3.0,3.0,3.0,36.0,328.0,38.0,820.0,206.0,7265.0,50.0,174.3,20.0,28.0,122.0,553.0,48.0,7.0,72.0,238.0,1338.0,59.0,1131.0,148.0,7920.0,138.0,192.2,16.0,19.0,94.0,293.0,35.0,6.0,79.0,261.0,1376.0,5.0,2010.0
5,101.0,61.0,28.0,2.0,1.0,199.0,new-orleans-saints,142.0,13.0,9.0,4.0,tampa-bay-buccaneers,5.0,42.0,426.0,83.0,67.0,27.0,6.0,4.0,139.0,86.0,6.0,6.0,4.0,4.0,66.0,444.0,46.0,994.0,226.0,9064.0,54.0,212.10000000000002,25.0,31.0,146.0,594.0,54.0,8.0,102.0,295.0,1532.0,71.0,1410.0,193.0,9721.0,138.0,238.2,19.0,25.0,116.0,378.0,56.0,10.0,99.0,323.0,1734.0,6.0,2010.0
6,128.0,73.0,37.0,2.0,1.0,231.0,cleveland-browns,163.0,15.0,10.0,5.0,new-orleans-saints,6.0,42.0,434.0,104.0,82.0,33.0,9.0,6.0,186.0,113.0,8.0,6.0,4.0,4.0,93.0,550.0,61.0,1230.0,256.0,10775.0,54.0,257.8,28.0,34.0,164.0,636.0,54.0,8.0,108.0,361.0,1809.0,84.0,1673.0,273.0,11610.0,138.0,284.2,20.0,39.0,148.0,590.0,57.0,11.0,130.0,387.0,2209.0,7.0,2010.0
7,153.0,88.0,42.0,5.0,4.0,287.0,pittsburgh-steelers,200.0,16.0,11.0,5.0,new-orleans-saints,10.0,42.0,517.0,116.0,93.0,35.0,10.0,7.0,203.0,123.0,11.0,9.0,4.0,4.0,203.0,618.0,64.0,1317.0,286.0,12241.0,156.0,299.8,32.0,41.0,192.0,761.0,74.0,11.0,138.0,407.0,2019.0,105.0,2029.0,371.0,13744.0,138.0,335.2,24.0,41.0,166.0,648.0,59.0,12.0,147.0,464.0,2603.0,8.0,2010.0
8,172.0,104.0,49.0,6.0,5.0,331.0,new-orleans-saints,234.0,18.0,13.0,6.0,carolina-panthers,11.0,63.0,600.0,129.0,103.0,38.0,11.0,7.0,231.0,140.0,13.0,10.0,5.0,5.0,212.0,736.0,70.0,1512.0,324.0,13795.0,194.0,347.8,36.0,48.0,213.0,869.0,91.0,13.0,148.0,459.0,2298.0,119.0,2334.0,406.0,15790.0,155.0,379.0,28.0,44.0,187.0,678.0,83.0,15.0,167.0,531.0,2921.0,9.0,2010.0
9,199.0,118.0,56.0,7.0,5.0,374.0,seattle-seahawks,261.0,20.0,15.0,7.0,new-orleans-saints,12.0,87.0,621.0,144.0,115.0,39.0,13.0,8.0,267.0,157.0,15.0,11.0,5.0,6.0,278.0,851.0,74.0,1619.0,389.0,15314.0,212.0,394.8,43.0,54.0,237.0,996.0,101.0,14.0,151.0,523.0,2493.0,133.0,2587.0,470.0,17871.0,170.0,425.4,33.0,53.0,219.0,843.0,122.0,19.0,201.0,607.0,3329.0,11.0,2010.0
10,225.0,133.0,67.0,8.0,5.0,417.0,new-orleans-saints,290.0,21.0,15.0,9.0,dallas-cowboys,14.0,87.0,646.0,165.0,127.0,46.0,13.0,8.0,311.0,189.0,19.0,15.0,5.0,6.0,283.0,938.0,91.0,1985.0,468.0,16889.0,212.0,433.8,45.0,58.0,254.0,1054.0,101.0,14.0,170.0,584.0,2917.0,153.0,2969.0,494.0,19896.0,170.0,465.4,34.0,58.0,248.0,955.0,122.0,19.0,235.0,679.0,3823.0,12.0,2010.0
11,246.0,147.0,73.0,9.0,5.0,456.0,new-orleans-saints,313.0,24.0,18.0,11.0,cincinnati-bengals,15.0,91.0,668.0,189.0,142.0,53.0,16.0,9.0,353.0,219.0,22.0,17.0,6.0,7.0,293.0,1048.0,107.0,2298.0,487.0,18970.0,225.0,488.8,47.0,65.0,286.0,1198.0,120.0,16.0,197.0,659.0,3374.0,169.0,3321.0,524.0,21415.0,170.0,525.4,36.0,63.0,269.0,1036.0,122.0,20.0,265.0,741.0,4237.0,13.0,2010.0
12,265.0,155.0,74.0,9.0,5.0,485.0,st-louis-rams,337.0,26.0,20.0,11.0,new-orleans-saints,16.0,91.0,784.0,210.0,156.0,58.0,19.0,11.0,386.0,242.0,25.0,20.0,6.0,7.0,300.0,1227.0,118.0,2547.0,530.0,20923.0,255.0,545.3,49.0,72.0,312.0,1294.0,143.0,18.0,227.0,721.0,3685.0,179.0,3634.0,624.0,23062.0,172.0,570.6999999999999,39.0,71.0,291.0,1182.0,156.0,23.0,299.0,794.0,4673.0,14.0,2010.0
13,287.0,171.0,85.0,10.0,5.0,525.0,new-orleans-saints,362.0,27.0,21.0,12.0,baltimore-ravens,18.0,196.0,853.0,224.0,167.0,59.0,21.0,13.0,418.0,260.0,28.0,22.0,7.0,9.0,308.0,1361.0,125.0,2778.0,569.0,22542.0,265.0,600.0999999999999,53.0,79.0,336.0,1430.0,151.0,19.0,240.0,780.0,4012.0,192.0,3855.0,679.0,25043.0,188.0,615.6999999999999,41.0,79.0,320.0,1314.0,196.0,26.0,330.0,864.0,5018.0,15.0,2010.0
14,308.0,184.0,90.0,11.0,5.0,571.0,new-orleans-saints,391.0,28.0,22.0,12.0,atlanta-falcons,19.0,196.0,996.0,241.0,181.0,64.0,22.0,14.0,438.0,270.0,31.0,25.0,7.0,9.0,308.0,1458.0,131.0,2950.0,637.0,24431.0,300.0,638.6999999999999,58.0,87.0,375.0,1638.0,176.0,22.0,270.0,842.0,4368.0,208.0,4122.0,747.0,26754.0,197.0,657.9,47.0,82.0,334.0,1341.0,220.0,29.0,354.0,927.0,5287.0,16.0,2010.0
15,331.0,201.0,98.0,11.0,5.0,620.0,tampa-bay-buccaneers,426.0,29.0,23.0,14.0,new-orleans-saints,21.0,196.0,1039.0,255.0,193.0,67.0,22.0,14.0,467.0,285.0,31.0,25.0,7.0,9.0,340.0,1484.0,139.0,3098.0,647.0,25836.0,306.0,682.3,66.0,89.0,397.0,1713.0,182.0,23.0,284.0,894.0,4583.0,225.0,4424.0,839.0,28949.0,207.0,703.1999999999999,54.0,88.0,358.0,1413.0,228.0,30.0,371.0,1001.0,5655.0,17.0,2011.0
16,351.0,217.0,106.0,11.0,5.0,661.0,new-orleans-saints,450.0,31.0,25.0,16.0,seattle-seahawks,22.0,196.0,1181.0,273.0,203.0,70.0,23.0,15.0,494.0,306.0,34.0,28.0,9.0,9.0,344.0,1592.0,150.0,3353.0,701.0,27579.0,310.0,728.3,67.0,94.0,421.0,1797.0,195.0,26.0,307.0,948.0,4900.0,236.0,4636.0,884.0,30806.0,214.0,740.9,57.0,94.0,380.0,1519.0,250.0,33.0,384.0,1067.0,5960.0,18.0,2011.0
17,0.0,0.0,0.0,0.0,0.0,0.0,new-orleans-saints,0.0,0.0,0.0,0.0,green-bay-packers,0.0,0.0,0.0,0.0,0.0,0.0,0.0,0.0,0.0,0.0,0.0,0.0,0.0,0.0,0.0,0.0,0.0,0.0,0.0,0.0,0.0,0.0,0.0,0.0,0.0,0.0,0.0,0.0,0.0,0.0,0.0,0.0,0.0,0.0,0.0,0.0,0.0,0.0,0.0,0.0,0.0,0.0,0.0,0.0,0.0,0.0,1.0,2011.0
18,27.0,14.0,9.0,1.0,0.0,49.0,chicago-bears,32.0,2.0,2.0,0.0,new-orleans-saints,0.0,0.0,83.0,24.0,12.0,8.0,0.0,0.0,35.0,27.0,0.0,0.0,1.0,0.0,0.0,135.0,14.0,312.0,48.0,1974.0,5.0,42.5,4.0,10.0,27.0,103.0,23.0,3.0,42.0,64.0,399.0,20.0,419.0,15.0,1626.0,92.0,49.0,2.0,5.0,21.0,81.0,16.0,2.0,34.0,73.0,477.0,2.0,2011.0
19,43.0,31.0,17.0,2.0,1.0,86.0,houston-texans,58.0,5.0,5.0,1.0,new-orleans-saints,0.0,0.0,107.0,42.0,24.0,10.0,1.0,0.0,80.0,46.0,2.0,2.0,2.0,0.0,0.0,212.0,28.0,556.0,95.0,3400.0,5.0,86.3,12.0,12.0,39.0,163.0,29.0,4.0,55.0,127.0,645.0,31.0,689.0,56.0,3800.0,93.0,94.8,7.0,10.0,50.0,199.0,74.0,8.0,64.0,140.0,859.0,3.0,2011.0
20,70.0,44.0,25.0,2.0,1.0,130.0,new-orleans-saints,89.0,6.0,6.0,1.0,jacksonville-jaguars,2.0,2.0,210.0,63.0,38.0,16.0,2.0,0.0,119.0,68.0,6.0,6.0,2.0,1.0,26.0,295.0,45.0,929.0,151.0,5206.0,10.0,123.3,14.0,16.0,64.0,272.0,45.0,6.0,88.0,193.0,1118.0,51.0,1059.0,82.0,5594.0,98.0,144.1,10.0,15.0,72.0,299.0,83.0,10.0,104.0,208.0,1313.0,4.0,2011.0
21,100.0,58.0,32.0,3.0,2.0,174.0,new-orleans-saints,120.0,11.0,9.0,1.0,carolina-panthers,4.0,8.0,258.0,78.0,53.0,20.0,6.0,0.0,161.0,84.0,7.0,7.0,2.0,2.0,51.0,359.0,52.0,1125.0,166.0,6581.0,14.0,161.5,18.0,20.0,81.0,376.0,70.0,9.0,98.0,255.0,1392.0,71.0,1410.0,132.0,7819.0,107.0,202.1,11.0,24.0,106.0,476.0,109.0,13.0,127.0,289.0,1816.0,5.0,2011.0
22,127.0,75.0,44.0,3.0,2.0,219.0,new-orleans-saints,152.0,14.0,12.0,1.0,tampa-bay-buccaneers,5.0,33.0,258.0,98.0,65.0,27.0,6.0,0.0,192.0,100.0,7.0,7.0,2.0,3.0,52.0,395.0,59.0,1349.0,231.0,8101.0,23.0,205.5,21.0,29.0,103.0,538.0,86.0,11.0,125.0,309.0,1773.0,91.0,1769.0,214.0,9899.0,107.0,247.1,13.0,30.0,134.0,577.0,114.0,14.0,157.0,364.0,2260.0,6.0,2011.0
23,147.0,87.0,49.0,4.0,2.0,264.0,indianapolis-colts,181.0,16.0,14.0,1.0,new-orleans-saints,8.0,33.0,327.0,119.0,79.0,31.0,6.0,0.0,233.0,123.0,12.0,11.0,3.0,3.0,68.0,425.0,71.0,1652.0,295.0,9988.0,47.0,252.7,25.0,35.0,128.0,655.0,86.0,11.0,151.0,375.0,2193.0,105.0,2152.0,267.0,11612.0,107.0,302.1,17.0,34.0,154.0,647.0,114.0,14.0,177.0,429.0,2713.0,7.0,2011.0
24,183.0,95.0,55.0,4.0,2.0,299.0,new-orleans-saints,212.0,18.0,16.0,3.0,st-louis-rams,8.0,75.0,383.0,130.0,90.0,35.0,6.0,0.0,255.0,135.0,12.0,11.0,3.0,4.0,68.0,443.0,76.0,1754.0,344.0,11289.0,60.0,299.2,31.0,41.0,151.0,810.0,90.0,13.0,158.0,421.0,2445.0,124.0,2477.0,277.0,13911.0,134.0,355.1,18.0,50.0,192.0,883.0,119.0,15.0,239.0,504.0,3270.0,8.0,2011.0
25,202.0,112.0,63.0,5.0,3.0,343.0,tampa-bay-buccaneers,242.0,19.0,16.0,4.0,new-orleans-saints,10.0,75.0,504.0,151.0,106.0,40.0,8.0,2.0,292.0,155.0,13.0,12.0,3.0,4.0,95.0,443.0,86.0,1929.0,408.0,13172.0,60.0,341.8,38.0,50.0,182.0,993.0,132.0,19.0,189.0,493.0,2768.0,140.0,2746.0,309.0,15628.0,153.0,402.1,24.0,53.0,212.0,939.0,154.0,19.0,260.0,574.0,3553.0,9.0,2011.0
26,227.0,122.0,68.0,5.0,3.0,379.0,new-orleans-saints,269.0,22.0,18.0,4.0,atlanta-falcons,11.0,75.0,558.0,169.0,118.0,42.0,10.0,3.0,329.0,182.0,16.0,15.0,3.0,4.0,95.0,488.0,95.0,2210.0,488.0,14968.0,76.0,381.5,41.0,54.0,202.0,1077.0,132.0,19.0,205.0,551.0,3133.0,154.0,3004.0,372.0,17432.0,168.0,458.6,26.0,63.0,240.0,1134.0,154.0,20.0,287.0,638.0,4006.0,10.0,2011.0
27,245.0,135.0,72.0,5.0,3.0,422.0,new-york-giants,299.0,27.0,22.0,4.0,new-orleans-saints,11.0,87.0,642.0,199.0,134.0,47.0,13.0,5.0,381.0,211.0,20.0,18.0,3.0,5.0,95.0,529.0,112.0,2561.0,573.0,17160.0,76.0,426.9,46.0,63.0,234.0,1215.0,132.0,19.0,228.0,636.0,3614.0,170.0,3326.0,451.0,19235.0,186.0,499.0,31.0,64.0,256.0,1175.0,162.0,21.0,313.0,697.0,4369.0,12.0,2011.0
28,276.0,144.0,77.0,7.0,3.0,461.0,detroit-lions,324.0,27.0,22.0,5.0,new-orleans-saints,11.0,87.0,704.0,228.0,145.0,52.0,15.0,5.0,428.0,244.0,22.0,19.0,3.0,6.0,95.0,644.0,131.0,2967.0,605.0,19048.0,76.0,464.9,48.0,68.0,256.0,1288.0,132.0,19.0,252.0,706.0,4079.0,187.0,3698.0,555.0,20947.0,186.0,541.0,33.0,77.0,286.0,1380.0,176.0,22.0,362.0,766.0,4946.0,13.0,2011.0
29,297.0,156.0,83.0,8.0,3.0,497.0,new-orleans-saints,350.0,28.0,23.0,5.0,tennessee-titans,11.0,87.0,778.0,253.0,156.0,54.0,16.0,5.0,472.0,275.0,25.0,20.0,3.0,7.0,95.0,714.0,149.0,3375.0,712.0,21154.0,89.0,510.7,52.0,73.0,278.0,1375.0,136.0,21.0,269.0,775.0,4545.0,203.0,4040.0,585.0,22441.0,199.0,585.8,37.0,81.0,309.0,1480.0,205.0,25.0,393.0,827.0,5384.0,14.0,2011.0
30,321.0,175.0,94.0,8.0,3.0,544.0,new-orleans-saints,386.0,31.0,26.0,5.0,minnesota-vikings,11.0,87.0,820.0,270.0,166.0,55.0,18.0,6.0,508.0,293.0,26.0,21.0,3.0,7.0,95.0,835.0,159.0,3701.0,766.0,22501.0,123.0,555.9,57.0,78.0,295.0,1434.0,150.0,23.0,286.0,830.0,4918.0,217.0,4377.0,680.0,24694.0,217.0,635.5999999999999,42.0,90.0,335.0,1594.0,217.0,27.0,415.0,902.0,5821.0,15.0,2011.0
31,357.0,186.0,102.0,9.0,3.0,585.0,atlanta-falcons,418.0,32.0,26.0,5.0,new-orleans-saints,11.0,87.0,910.0,282.0,180.0,59.0,19.0,6.0,540.0,307.0,28.0,23.0,5.0,8.0,95.0,863.0,166.0,3821.0,850.0,23772.0,123.0,604.0,64.0,82.0,313.0,1539.0,150.0,23.0,306.0,884.0,5125.0,240.0,4789.0,745.0,27023.0,262.0,686.5999999999999,43.0,99.0,373.0,1755.0,235.0,31.0,457.0,981.0,6394.0,16.0,2011.0
32,383.0,199.0,112.0,9.0,3.0,624.0,carolina-panthers,441.0,33.0,27.0,6.0,new-orleans-saints,13.0,87.0,1057.0,305.0,197.0,67.0,22.0,6.0,601.0,347.0,31.0,26.0,5.0,8.0,109.0,890.0,187.0,4255.0,907.0,25771.0,123.0,654.0,67.0,83.0,327.0,1574.0,158.0,24.0,322.0,959.0,5594.0,257.0,5096.0,791.0,28624.0,262.0,738.5999999999999,45.0,106.0,396.0,1919.0,235.0,31.0,502.0,1044.0,6857.0,17.0,2012.0
33,416.0,208.0,118.0,10.0,3.0,662.0,detroit-lions,472.0,34.0,28.0,7.0,new-orleans-saints,14.0,87.0,1111.0,326.0,202.0,67.0,22.0,6.0,626.0,362.0,32.0,27.0,5.0,9.0,162.0,927.0,196.0,4413.0,912.0,27297.0,123.0,699.8,71.0,92.0,351.0,1738.0,158.0,24.0,339.0,1010.0,5895.0,280.0,5505.0,851.0,30698.0,307.0,802.5999999999999,46.0,116.0,431.0,2127.0,256.0,33.0,547.0,1117.0,7474.0,18.0,2012.0
34,450.0,219.0,125.0,14.0,6.0,705.0,new-orleans-saints,505.0,35.0,29.0,7.0,san-francisco-49ers,14.0,104.0,1165.0,348.0,212.0,74.0,22.0,6.0,669.0,390.0,32.0,27.0,7.0,11.0,162.0,968.0,216.0,4793.0,976.0,28641.0,123.0,742.0999999999999,74.0,94.0,361.0,1770.0,165.0,26.0,367.0,1063.0,6307.0,300.0,5971.0,869.0,32954.0,311.0,802.5999999999999,46.0,128.0,467.0,2294.0,256.0,33.0,592.0,1198.0,8100.0,19.0,2012.0
35,476.0,233.0,130.0,14.0,6.0,768.0,carolina-panthers,545.0,36.0,30.0,8.0,new-orleans-saints,16.0,104.0,1224.0,365.0,227.0,78.0,22.0,6.0,711.0,414.0,35.0,30.0,10.0,11.0,203.0,1013.0,227.0,5092.0,1009.0,30361.0,152.0,791.5999999999999,82.0,100.0,383.0,1913.0,192.0,29.0,403.0,1131.0,6714.0,323.0,6433.0,869.0,34834.0,340.0,847.9999999999999,51.0,130.0,481.0,2331.0,291.0,37.0,624.0,1278.0,8572.0,17.0,2012.0
36,0.0,0.0,0.0,0.0,0.0,0.0,washington-redskins,0.0,0.0,0.0,0.0,new-orleans-saints,0.0,0.0,0.0,0.0,0.0,0.0,0.0,0.0,0.0,0.0,0.0,0.0,0.0,0.0,0.0,0.0,0.0,0.0,0.0,0.0,0.0,0.0,0.0,0.0,0.0,0.0,0.0,0.0,0.0,0.0,0.0,0.0,0.0,0.0,0.0,0.0,0.0,0.0,0.0,0.0,0.0,0.0,0.0,0.0,0.0,0.0,1.0,2012.0
37,24.0,11.0,2.0,2.0,2.0,52.0,new-orleans-saints,24.0,1.0,1.0,0.0,carolina-panthers,2.0,0.0,103.0,22.0,15.0,4.0,1.0,1.0,26.0,19.0,4.0,4.0,1.0,0.0,50.0,49.0,13.0,320.0,127.0,2350.0,34.0,46.3,3.0,7.0,43.0,153.0,13.0,2.0,40.0,71.0,459.0,17.0,339.0,107.0,1250.0,14.0,55.6,5.0,2.0,10.0,32.0,14.0,2.0,32.0,64.0,358.0,2.0,2012.0
38,51.0,24.0,9.0,3.0,2.0,101.0,kansas-city-chiefs,55.0,3.0,3.0,1.0,new-orleans-saints,4.0,0.0,157.0,45.0,27.0,10.0,2.0,1.0,46.0,33.0,4.0,4.0,1.0,0.0,61.0,121.0,23.0,573.0,161.0,4126.0,48.0,92.1,8.0,19.0,84.0,372.0,15.0,3.0,75.0,133.0,922.0,36.0,664.0,130.0,3074.0,44.0,104.9,8.0,10.0,37.0,195.0,23.0,3.0,59.0,141.0,844.0,3.0,2012.0
39,65.0,37.0,14.0,3.0,2.0,137.0,new-orleans-saints,75.0,5.0,4.0,3.0,green-bay-packers,5.0,28.0,264.0,72.0,45.0,17.0,4.0,3.0,90.0,59.0,10.0,10.0,1.0,1.0,93.0,216.0,39.0,821.0,201.0,6678.0,88.0,133.7,13.0,29.0,129.0,645.0,50.0,7.0,102.0,225.0,1432.0,48.0,904.0,175.0,4635.0,46.0,160.7,14.0,12.0,56.0,278.0,34.0,6.0,83.0,200.0,1132.0,4.0,2012.0
40,90.0,54.0,23.0,4.0,3.0,191.0,san-diego-chargers,110.0,8.0,6.0,4.0,new-orleans-saints,5.0,28.0,355.0,102.0,53.0,21.0,5.0,4.0,131.0,90.0,10.0,10.0,1.0,2.0,93.0,304.0,60.0,1140.0,244.0,8450.0,88.0,174.7,15.0,34.0,154.0,747.0,67.0,9.0,130.0,291.0,1853.0,71.0,1350.0,247.0,6463.0,50.0,196.7,17.0,13.0,75.0,323.0,34.0,6.0,110.0,275.0,1606.0,5.0,2012.0
41,111.0,70.0,32.0,5.0,3.0,236.0,new-orleans-saints,139.0,9.0,7.0,5.0,tampa-bay-buccaneers,6.0,69.0,404.0,129.0,65.0,25.0,5.0,4.0,173.0,117.0,12.0,11.0,1.0,3.0,102.0,431.0,78.0,1494.0,300.0,10284.0,104.0,220.2,19.0,40.0,172.0,864.0,86.0,12.0,154.0,356.0,2280.0,90.0,1720.0,346.0,8229.0,52.0,248.5,21.0,14.0,96.0,376.0,78.0,11.0,141.0,344.0,2010.0,7.0,2012.0
42,134.0,85.0,41.0,5.0,3.0,273.0,new-orleans-saints,166.0,9.0,7.0,5.0,denver-broncos,7.0,69.0,404.0,155.0,77.0,29.0,8.0,6.0,215.0,141.0,13.0,11.0,1.0,3.0,132.0,447.0,96.0,1914.0,350.0,12309.0,119.0,262.2,22.0,45.0,196.0,966.0,86.0,12.0,182.0,424.0,2793.0,107.0,2097.0,401.0,9804.0,67.0,299.7,25.0,19.0,122.0,457.0,87.0,13.0,176.0,407.0,2468.0,8.0,2012.0
43,148.0,97.0,42.0,8.0,5.0,315.0,philadelphia-eagles,188.0,9.0,7.0,6.0,new-orleans-saints,8.0,69.0,404.0,184.0,90.0,34.0,8.0,6.0,245.0,163.0,15.0,13.0,1.0,3.0,140.0,459.0,112.0,2219.0,384.0,14423.0,162.0,308.59999999999997,27.0,56.0,237.0,1191.0,98.0,13.0,216.0,495.0,3323.0,119.0,2310.0,416.0,11290.0,67.0,351.3,33.0,21.0,139.0,508.0,87.0,13.0,190.0,467.0,2720.0,9.0,2012.0
44,168.0,106.0,47.0,8.0,5.0,342.0,atlanta-falcons,209.0,10.0,7.0,7.0,new-orleans-saints,8.0,168.0,522.0,208.0,106.0,40.0,10.0,7.0,286.0,185.0,17.0,15.0,3.0,4.0,140.0,472.0,125.0,2491.0,442.0,16433.0,182.0,353.09999999999997,31.0,66.0,266.0,1412.0,106.0,15.0,229.0,572.0,3770.0,133.0,2549.0,451.0,12880.0,72.0,401.0,36.0,26.0,164.0,648.0,133.0,20.0,218.0,521.0,3091.0,10.0,2012.0
45,189.0,116.0,51.0,8.0,5.0,374.0,new-orleans-saints,230.0,11.0,8.0,7.0,oakland-raiders,9.0,168.0,567.0,233.0,122.0,48.0,12.0,7.0,338.0,219.0,19.0,17.0,3.0,5.0,153.0,472.0,145.0,2902.0,495.0,18388.0,191.0,399.79999999999995,34.0,69.0,284.0,1458.0,112.0,16.0,256.0,643.0,4224.0,150.0,2847.0,486.0,14525.0,74.0,451.0,41.0,30.0,193.0,796.0,136.0,21.0,249.0,583.0,3531.0,11.0,2012.0
46,208.0,127.0,57.0,8.0,5.0,402.0,san-francisco-49ers,251.0,12.0,9.0,7.0,new-orleans-saints,9.0,223.0,690.0,257.0,134.0,52.0,15.0,8.0,378.0,241.0,20.0,18.0,3.0,7.0,153.0,593.0,160.0,3214.0,535.0,20272.0,191.0,444.79999999999995,37.0,76.0,310.0,1578.0,112.0,16.0,273.0,712.0,4628.0,164.0,3076.0,595.0,16241.0,74.0,494.0,45.0,35.0,221.0,947.0,164.0,24.0,287.0,639.0,3911.0,12.0,2012.0
47,227.0,138.0,60.0,11.0,6.0,443.0,new-orleans-saints,277.0,12.0,9.0,8.0,atlanta-falcons,11.0,223.0,838.0,275.0,147.0,58.0,15.0,8.0,403.0,257.0,23.0,19.0,3.0,8.0,245.0,616.0,170.0,3445.0,603.0,22078.0,204.0,491.59999999999997,41.0,83.0,341.0,1722.0,148.0,21.0,304.0,768.0,5003.0,176.0,3343.0,648.0,18035.0,77.0,544.4,50.0,39.0,242.0,1006.0,164.0,24.0,308.0,706.0,4201.0,13.0,2012.0
48,251.0,152.0,67.0,11.0,6.0,493.0,new-orleans-saints,305.0,14.0,11.0,9.0,new-york-giants,16.0,223.0,932.0,290.0,158.0,59.0,15.0,8.0,436.0,275.0,26.0,22.0,3.0,8.0,265.0,638.0,177.0,3610.0,628.0,23654.0,217.0,544.8,47.0,91.0,364.0,1846.0,154.0,22.0,327.0,825.0,5286.0,194.0,3684.0,678.0,20059.0,139.0,589.6,54.0,43.0,265.0,1107.0,170.0,25.0,321.0,780.0,4637.0,14.0,2012.0
49,273.0,165.0,72.0,12.0,6.0,536.0,tampa-bay-buccaneers,331.0,16.0,13.0,9.0,new-orleans-saints,18.0,308.0,1081.0,314.0,169.0,64.0,15.0,8.0,471.0,297.0,28.0,23.0,5.0,10.0,356.0,925.0,191.0,3869.0,683.0,25436.0,236.0,583.5,50.0,98.0,391.0,1981.0,163.0,23.0,379.0,887.0,5680.0,209.0,4038.0,759.0,21877.0,144.0,640.1,58.0,49.0,289.0,1249.0,170.0,25.0,348.0,848.0,5124.0,15.0,2012.0
50,297.0,176.0,76.0,12.0,6.0,575.0,new-orleans-saints,357.0,18.0,15.0,10.0,dallas-cowboys,18.0,351.0,1111.0,334.0,182.0,68.0,18.0,9.0,525.0,327.0,28.0,23.0,5.0,14.0,356.0,995.0,207.0,4199.0,767.0,27170.0,275.0,632.3,54.0,102.0,407.0,2048.0,172.0,24.0,379.0,959.0,6066.0,224.0,4345.0,814.0,23743.0,182.0,693.7,63.0,56.0,314.0,1398.0,181.0,27.0,389.0,913.0,5571.0,16.0,2012.0
51,330.0,195.0,87.0,12.0,6.0,628.0,tampa-bay-buccaneers,394.0,21.0,17.0,11.0,new-orleans-saints,18.0,351.0,1171.0,352.0,192.0,70.0,19.0,10.0,568.0,353.0,29.0,24.0,5.0,14.0,356.0,1024.0,223.0,4615.0,799.0,28518.0,314.0,683.5,60.0,104.0,418.0,2088.0,172.0,24.0,410.0,1015.0,6512.0,249.0,4791.0,856.0,26262.0,192.0,746.3000000000001,68.0,61.0,352.0,1514.0,191.0,29.0,423.0,1004.0,6133.0,17.0,2013.0
52,0.0,0.0,0.0,0.0,0.0,0.0,atlanta-falcons,0.0,0.0,0.0,0.0,new-orleans-saints,0.0,0.0,0.0,0.0,0.0,0.0,0.0,0.0,0.0,0.0,0.0,0.0,0.0,0.0,0.0,0.0,0.0,0.0,0.0,0.0,0.0,0.0,0.0,0.0,0.0,0.0,0.0,0.0,0.0,0.0,0.0,0.0,0.0,0.0,0.0,0.0,0.0,0.0,0.0,0.0,0.0,0.0,0.0,0.0,0.0,0.0,1.0,2013.0
53,18.0,13.0,6.0,1.0,0.0,35.0,new-orleans-saints,26.0,3.0,3.0,1.0,tampa-bay-buccaneers,1.0,0.0,23.0,18.0,11.0,3.0,1.0,0.0,38.0,25.0,1.0,1.0,0.0,1.0,0.0,0.0,14.0,304.0,19.0,1489.0,21.0,46.8,6.0,3.0,14.0,88.0,16.0,2.0,17.0,55.0,367.0,17.0,357.0,57.0,2111.0,7.0,49.3,3.0,1.0,29.0,78.0,25.0,3.0,23.0,66.0,419.0,2.0,2013.0
54,39.0,27.0,11.0,2.0,0.0,81.0,arizona-cardinals,52.0,7.0,6.0,2.0,new-orleans-saints,3.0,31.0,46.0,32.0,24.0,8.0,1.0,0.0,60.0,34.0,2.0,1.0,0.0,2.0,85.0,33.0,20.0,429.0,137.0,3133.0,21.0,87.3,12.0,10.0,47.0,248.0,42.0,6.0,31.0,111.0,640.0,30.0,679.0,92.0,4067.0,7.0,93.1,7.0,5.0,49.0,153.0,37.0,4.0,39.0,136.0,790.0,3.0,2013.0
55,66.0,40.0,18.0,2.0,0.0,127.0,miami-dolphins,81.0,8.0,7.0,2.0,new-orleans-saints,4.0,80.0,46.0,48.0,37.0,13.0,1.0,0.0,95.0,52.0,2.0,1.0,0.0,4.0,85.0,120.0,29.0,616.0,155.0,4602.0,36.0,128.1,20.0,16.0,63.0,334.0,65.0,10.0,38.0,166.0,887.0,47.0,1021.0,122.0,6198.0,60.0,142.6,11.0,14.0,73.0,257.0,63.0,8.0,70.0,210.0,1213.0,4.0,2013.0
56,89.0,53.0,24.0,2.0,0.0,166.0,new-orleans-saints,111.0,10.0,8.0,3.0,chicago-bears,4.0,108.0,82.0,67.0,46.0,16.0,1.0,0.0,130.0,74.0,3.0,2.0,1.0,7.0,85.0,188.0,42.0,865.0,180.0,6173.0,41.0,180.1,24.0,21.0,82.0,449.0,81.0,12.0,55.0,224.0,1218.0,65.0,1434.0,167.0,8227.0,104.0,189.89999999999998,14.0,18.0,97.0,325.0,96.0,12.0,108.0,275.0,1678.0,5.0,2013.0
57,106.0,69.0,30.0,3.0,1.0,201.0,new-orleans-saints,140.0,14.0,12.0,4.0,new-england-patriots,4.0,108.0,120.0,87.0,56.0,20.0,2.0,0.0,163.0,98.0,4.0,3.0,1.0,7.0,85.0,237.0,58.0,1223.0,223.0,7613.0,58.0,225.3,28.0,25.0,100.0,543.0,86.0,13.0,73.0,278.0,1652.0,76.0,1722.0,177.0,10387.0,106.0,238.7,18.0,23.0,126.0,389.0,114.0,15.0,134.0,340.0,2025.0,6.0,2013.0
58,126.0,83.0,35.0,3.0,1.0,237.0,buffalo-bills,157.0,16.0,14.0,4.0,new-orleans-saints,5.0,108.0,173.0,113.0,71.0,25.0,5.0,1.0,206.0,123.0,7.0,6.0,2.0,8.0,90.0,288.0,73.0,1492.0,256.0,9524.0,67.0,277.8,32.0,33.0,135.0,684.0,92.0,14.0,103.0,361.0,2028.0,89.0,1958.0,233.0,12076.0,126.0,283.4,24.0,30.0,152.0,520.0,148.0,20.0,161.0,403.0,2386.0,8.0,2013.0
59,147.0,98.0,42.0,4.0,2.0,271.0,new-orleans-saints,183.0,18.0,14.0,6.0,new-york-jets,5.0,120.0,224.0,133.0,84.0,30.0,6.0,1.0,245.0,145.0,9.0,7.0,2.0,9.0,90.0,288.0,86.0,1726.0,301.0,11174.0,71.0,323.5,35.0,38.0,160.0,772.0,115.0,18.0,120.0,429.0,2327.0,103.0,2290.0,292.0,14026.0,126.0,330.2,28.0,34.0,178.0,597.0,171.0,24.0,196.0,467.0,2772.0,9.0,2013.0
60,170.0,109.0,45.0,7.0,3.0,322.0,dallas-cowboys,213.0,21.0,16.0,6.0,new-orleans-saints,7.0,120.0,285.0,147.0,98.0,34.0,6.0,1.0,265.0,154.0,13.0,11.0,2.0,9.0,90.0,422.0,92.0,1866.0,363.0,13002.0,71.0,367.9,40.0,46.0,196.0,970.0,131.0,20.0,146.0,487.0,2665.0,119.0,2672.0,351.0,15798.0,126.0,371.2,30.0,38.0,191.0,638.0,171.0,26.0,216.0,533.0,3179.0,10.0,2013.0
61,210.0,121.0,54.0,8.0,4.0,363.0,san-francisco-49ers,247.0,22.0,16.0,6.0,new-orleans-saints,7.0,120.0,285.0,156.0,107.0,34.0,6.0,1.0,289.0,164.0,14.0,12.0,3.0,9.0,90.0,554.0,96.0,1994.0,445.0,14230.0,71.0,418.29999999999995,48.0,50.0,212.0,1059.0,140.0,21.0,163.0,530.0,2858.0,139.0,3064.0,395.0,18170.0,144.0,404.2,31.0,53.0,229.0,880.0,195.0,29.0,265.0,613.0,3804.0,11.0,2013.0
62,233.0,135.0,60.0,9.0,4.0,406.0,new-orleans-saints,277.0,25.0,19.0,6.0,atlanta-falcons,8.0,163.0,367.0,168.0,122.0,40.0,6.0,1.0,320.0,181.0,16.0,14.0,5.0,10.0,112.0,554.0,104.0,2121.0,490.0,15751.0,94.0,467.69999999999993,55.0,53.0,234.0,1140.0,150.0,22.0,183.0,586.0,3054.0,154.0,3369.0,443.0,20249.0,149.0,455.5,34.0,59.0,252.0,972.0,207.0,32.0,288.0,680.0,4191.0,12.0,2013.0
63,252.0,148.0,67.0,10.0,4.0,439.0,new-orleans-saints,300.0,26.0,20.0,7.0,seattle-seahawks,8.0,163.0,387.0,190.0,134.0,46.0,6.0,1.0,359.0,211.0,19.0,16.0,5.0,10.0,112.0,554.0,119.0,2413.0,515.0,17777.0,104.0,512.9999999999999,58.0,58.0,256.0,1231.0,157.0,23.0,196.0,652.0,3409.0,168.0,3647.0,509.0,21823.0,149.0,505.0,38.0,64.0,277.0,1075.0,235.0,37.0,305.0,739.0,4565.0,13.0,2013.0
64,264.0,163.0,73.0,12.0,4.0,477.0,carolina-panthers,323.0,26.0,20.0,7.0,new-orleans-saints,8.0,163.0,441.0,213.0,148.0,53.0,8.0,2.0,389.0,233.0,21.0,18.0,6.0,10.0,112.0,594.0,133.0,2723.0,581.0,19795.0,121.0,552.9999999999999,61.0,64.0,294.0,1358.0,160.0,24.0,230.0,721.0,3838.0,175.0,3794.0,561.0,23405.0,149.0,554.0,44.0,66.0,294.0,1119.0,243.0,38.0,312.0,795.0,4753.0,14.0,2013.0
65,288.0,175.0,80.0,12.0,4.0,519.0,new-orleans-saints,353.0,27.0,21.0,7.0,st-louis-rams,8.0,163.0,463.0,229.0,163.0,59.0,9.0,3.0,423.0,255.0,24.0,20.0,6.0,10.0,112.0,667.0,142.0,2883.0,616.0,21742.0,153.0,598.3999999999999,66.0,71.0,317.0,1486.0,169.0,26.0,243.0,783.0,4077.0,194.0,4107.0,606.0,25058.0,166.0,598.2,48.0,69.0,311.0,1188.0,292.0,43.0,343.0,856.0,5126.0,15.0,2013.0
66,318.0,190.0,85.0,16.0,8.0,575.0,new-orleans-saints,392.0,30.0,22.0,7.0,carolina-panthers,10.0,163.0,463.0,246.0,177.0,66.0,9.0,3.0,443.0,269.0,26.0,22.0,7.0,10.0,117.0,720.0,150.0,3041.0,646.0,23410.0,160.0,640.1999999999998,70.0,76.0,351.0,1630.0,191.0,30.0,270.0,837.0,4379.0,218.0,4500.0,683.0,26990.0,166.0,651.7,50.0,74.0,331.0,1249.0,292.0,43.0,359.0,936.0,5558.0,16.0,2013.0
67,338.0,208.0,90.0,17.0,8.0,620.0,new-orleans-saints,422.0,32.0,24.0,7.0,philadelphia-eagles,12.0,167.0,484.0,256.0,186.0,66.0,9.0,3.0,465.0,282.0,27.0,23.0,7.0,11.0,117.0,761.0,157.0,3222.0,672.0,24682.0,180.0,690.9999999999998,78.0,78.0,369.0,1711.0,233.0,36.0,287.0,881.0,4601.0,230.0,4781.0,723.0,29318.0,196.0,700.3000000000001,57.0,80.0,361.0,1375.0,332.0,47.0,372.0,1017.0,5923.0,18.0,2014.0
68,364.0,221.0,97.0,17.0,8.0,650.0,new-orleans-saints,442.0,36.0,28.0,7.0,seattle-seahawks,14.0,167.0,582.0,273.0,198.0,69.0,11.0,5.0,498.0,305.0,29.0,24.0,7.0,11.0,164.0,885.0,167.0,3417.0,710.0,26189.0,209.0,739.7999999999997,83.0,84.0,391.0,1791.0,234.0,38.0,311.0,938.0,4857.0,241.0,5031.0,808.0,31411.0,227.0,735.3000000000001,60.0,94.0,397.0,1560.0,351.0,49.0,398.0,1085.0,6357.0,19.0,2014.0
69,389.0,233.0,100.0,20.0,9.0,693.0,new-orleans-saints,466.0,38.0,28.0,7.0,tampa-bay-buccaneers,14.0,167.0,625.0,286.0,212.0,74.0,11.0,5.0,516.0,314.0,32.0,27.0,8.0,11.0,164.0,906.0,172.0,3520.0,762.0,27959.0,214.0,776.4999999999998,89.0,90.0,426.0,1965.0,242.0,39.0,334.0,994.0,5134.0,257.0,5335.0,877.0,33241.0,227.0,774.1,64.0,100.0,423.0,1668.0,351.0,52.0,413.0,1155.0,6761.0,17.0,2014.0
70,409.0,247.0,107.0,21.0,10.0,731.0,buffalo-bills,490.0,38.0,28.0,7.0,new-orleans-saints,17.0,169.0,644.0,304.0,229.0,83.0,11.0,5.0,539.0,328.0,34.0,29.0,8.0,12.0,164.0,991.0,181.0,3635.0,785.0,29926.0,248.0,817.2999999999997,93.0,98.0,465.0,2148.0,255.0,41.0,354.0,1059.0,5414.0,271.0,5616.0,892.0,34874.0,230.0,826.1,67.0,105.0,446.0,1738.0,369.0,55.0,436.0,1218.0,7099.0,8.0,2013.0
71,0.0,0.0,0.0,0.0,0.0,0.0,new-orleans-saints,0.0,0.0,0.0,0.0,atlanta-falcons,0.0,0.0,0.0,0.0,0.0,0.0,0.0,0.0,0.0,0.0,0.0,0.0,0.0,0.0,0.0,0.0,0.0,0.0,0.0,0.0,0.0,0.0,0.0,0.0,0.0,0.0,0.0,0.0,0.0,0.0,0.0,0.0,0.0,0.0,0.0,0.0,0.0,0.0,0.0,0.0,0.0,0.0,0.0,0.0,0.0,0.0,1.0,2014.0
72,30.0,13.0,8.0,0.0,0.0,42.0,new-orleans-saints,29.0,2.0,2.0,1.0,cleveland-browns,1.0,0.0,34.0,28.0,11.0,6.0,0.0,0.0,43.0,31.0,3.0,3.0,1.0,0.0,0.0,21.0,21.0,448.0,96.0,1878.0,1.0,52.3,3.0,6.0,25.0,123.0,0.0,0.0,37.0,69.0,568.0,17.0,333.0,27.0,1825.0,0.0,50.5,2.0,9.0,28.0,139.0,3.0,1.0,34.0,70.0,472.0,2.0,2014.0
73,56.0,26.0,15.0,0.0,0.0,82.0,minnesota-vikings,56.0,3.0,3.0,1.0,new-orleans-saints,2.0,0.0,97.0,51.0,27.0,13.0,2.0,2.0,84.0,55.0,5.0,5.0,2.0,0.0,62.0,58.0,35.0,652.0,126.0,3568.0,3.0,93.9,8.0,13.0,55.0,245.0,14.0,2.0,63.0,141.0,892.0,33.0,570.0,66.0,3735.0,0.0,91.7,7.0,19.0,55.0,313.0,5.0,2.0,58.0,139.0,869.0,3.0,2014.0
74,83.0,39.0,24.0,0.0,0.0,117.0,new-orleans-saints,83.0,3.0,3.0,1.0,dallas-cowboys,2.0,0.0,97.0,64.0,42.0,19.0,2.0,2.0,114.0,72.0,8.0,8.0,2.0,0.0,62.0,178.0,43.0,855.0,170.0,5155.0,14.0,139.10000000000002,12.0,16.0,77.0,304.0,19.0,3.0,72.0,195.0,1139.0,50.0,863.0,96.0,5748.0,0.0,138.5,11.0,27.0,87.0,421.0,20.0,4.0,78.0,207.0,1265.0,4.0,2014.0
75,103.0,49.0,28.0,2.0,1.0,161.0,tampa-bay-buccaneers,115.0,5.0,4.0,1.0,new-orleans-saints,3.0,0.0,97.0,88.0,56.0,27.0,2.0,2.0,143.0,94.0,9.0,9.0,4.0,0.0,63.0,208.0,57.0,1117.0,220.0,7240.0,14.0,180.60000000000002,16.0,26.0,112.0,494.0,25.0,5.0,110.0,260.0,1584.0,64.0,1203.0,116.0,7263.0,15.0,180.0,13.0,31.0,100.0,525.0,27.0,5.0,95.0,266.0,1703.0,5.0,2014.0
76,137.0,62.0,34.0,2.0,1.0,218.0,new-orleans-saints,150.0,8.0,7.0,1.0,detroit-lions,6.0,0.0,185.0,108.0,65.0,30.0,2.0,2.0,175.0,113.0,10.0,10.0,4.0,1.0,96.0,283.0,70.0,1366.0,333.0,8864.0,25.0,221.10000000000002,20.0,30.0,133.0,560.0,25.0,5.0,141.0,314.0,1898.0,81.0,1574.0,166.0,9575.0,15.0,228.5,15.0,43.0,129.0,665.0,28.0,6.0,132.0,352.0,2214.0,7.0,2014.0
77,162.0,74.0,37.0,4.0,2.0,263.0,green-bay-packers,178.0,11.0,10.0,1.0,new-orleans-saints,7.0,45.0,185.0,129.0,80.0,37.0,2.0,2.0,215.0,140.0,11.0,11.0,5.0,3.0,119.0,330.0,83.0,1665.0,404.0,10802.0,25.0,263.70000000000005,25.0,34.0,157.0,619.0,32.0,6.0,165.0,381.0,2242.0,96.0,1916.0,300.0,11237.0,30.0,270.5,19.0,48.0,150.0,738.0,42.0,9.0,155.0,419.0,2622.0,8.0,2014.0
78,190.0,84.0,43.0,5.0,2.0,295.0,new-orleans-saints,205.0,14.0,13.0,2.0,carolina-panthers,7.0,55.0,185.0,152.0,87.0,38.0,4.0,3.0,255.0,169.0,14.0,14.0,6.0,5.0,119.0,330.0,99.0,2091.0,488.0,12503.0,25.0,263.70000000000005,25.0,39.0,176.0,708.0,41.0,8.0,188.0,444.0,2733.0,111.0,2227.0,335.0,13136.0,30.0,270.5,19.0,59.0,181.0,931.0,66.0,13.0,199.0,484.0,3117.0,9.0,2014.0
79,217.0,97.0,50.0,6.0,3.0,329.0,san-francisco-49ers,229.0,14.0,13.0,3.0,new-orleans-saints,8.0,57.0,185.0,167.0,101.0,44.0,4.0,3.0,283.0,179.0,15.0,15.0,7.0,6.0,143.0,419.0,105.0,2242.0,555.0,13985.0,25.0,305.90000000000003,31.0,46.0,198.0,817.0,68.0,12.0,198.0,498.0,2964.0,128.0,2524.0,371.0,15254.0,32.0,317.3,23.0,66.0,218.0,1036.0,95.0,17.0,227.0,559.0,3492.0,10.0,2014.0
80,240.0,115.0,58.0,8.0,5.0,376.0,cincinnati-bengals,257.0,15.0,14.0,4.0,new-orleans-saints,10.0,57.0,281.0,188.0,116.0,50.0,5.0,4.0,315.0,193.0,17.0,17.0,8.0,6.0,194.0,520.0,115.0,2452.0,570.0,16011.0,32.0,350.6,38.0,56.0,230.0,961.0,73.0,14.0,225.0,566.0,3294.0,143.0,2816.0,414.0,17414.0,36.0,367.1,29.0,73.0,249.0,1172.0,119.0,21.0,251.0,639.0,3915.0,11.0,2014.0
81,264.0,128.0,66.0,9.0,5.0,417.0,baltimore-ravens,290.0,16.0,15.0,4.0,new-orleans-saints,10.0,57.0,281.0,210.0,129.0,59.0,5.0,4.0,337.0,209.0,19.0,19.0,9.0,6.0,194.0,594.0,128.0,2672.0,603.0,17765.0,41.0,394.6,40.0,63.0,266.0,1147.0,73.0,14.0,252.0,625.0,3699.0,161.0,3071.0,448.0,19260.0,40.0,411.1,32.0,76.0,275.0,1247.0,120.0,22.0,261.0,706.0,4245.0,12.0,2014.0
82,290.0,140.0,71.0,10.0,5.0,462.0,new-orleans-saints,325.0,18.0,17.0,5.0,pittsburgh-steelers,11.0,57.0,301.0,233.0,142.0,68.0,5.0,4.0,361.0,227.0,21.0,21.0,9.0,6.0,238.0,646.0,137.0,2915.0,645.0,19580.0,41.0,457.6,42.0,75.0,298.0,1362.0,94.0,18.0,286.0,682.0,4148.0,181.0,3491.0,498.0,21045.0,47.0,459.8,35.0,79.0,296.0,1373.0,129.0,23.0,288.0,776.0,4770.0,13.0,2014.0
83,310.0,150.0,75.0,10.0,5.0,489.0,carolina-panthers,344.0,18.0,17.0,5.0,new-orleans-saints,11.0,63.0,376.0,269.0,156.0,74.0,6.0,4.0,419.0,259.0,25.0,24.0,9.0,8.0,238.0,733.0,162.0,3350.0,673.0,21619.0,56.0,495.1,44.0,81.0,321.0,1465.0,101.0,19.0,318.0,764.0,4686.0,194.0,3748.0,575.0,22606.0,47.0,508.3,41.0,84.0,322.0,1516.0,129.0,24.0,323.0,830.0,5163.0,14.0,2014.0
84,328.0,164.0,80.0,12.0,6.0,538.0,new-orleans-saints,373.0,20.0,18.0,5.0,chicago-bears,12.0,63.0,404.0,293.0,171.0,81.0,6.0,4.0,452.0,280.0,27.0,26.0,10.0,8.0,238.0,733.0,173.0,3576.0,728.0,23779.0,63.0,534.6,48.0,92.0,361.0,1736.0,118.0,21.0,359.0,837.0,5183.0,205.0,3983.0,605.0,24046.0,115.0,552.3,46.0,91.0,339.0,1608.0,129.0,24.0,333.0,898.0,5473.0,15.0,2014.0
85,353.0,175.0,84.0,12.0,6.0,574.0,atlanta-falcons,402.0,22.0,19.0,5.0,new-orleans-saints,12.0,118.0,404.0,309.0,183.0,83.0,8.0,4.0,483.0,297.0,27.0,26.0,11.0,11.0,238.0,895.0,181.0,3770.0,802.0,25368.0,63.0,584.4,54.0,100.0,381.0,1861.0,133.0,23.0,374.0,895.0,5461.0,224.0,4358.0,630.0,26057.0,136.0,595.6999999999999,51.0,94.0,365.0,1691.0,170.0,31.0,364.0,962.0,5916.0,16.0,2014.0
86,0.0,0.0,0.0,0.0,0.0,0.0,new-orleans-saints,0.0,0.0,0.0,0.0,arizona-cardinals,0.0,0.0,0.0,0.0,0.0,0.0,0.0,0.0,0.0,0.0,0.0,0.0,0.0,0.0,0.0,0.0,0.0,0.0,0.0,0.0,0.0,0.0,0.0,0.0,0.0,0.0,0.0,0.0,0.0,0.0,0.0,0.0,0.0,0.0,0.0,0.0,0.0,0.0,0.0,0.0,0.0,0.0,0.0,0.0,0.0,0.0,1.0,2015.0
87,18.0,18.0,7.0,1.0,0.0,48.0,tampa-bay-buccaneers,30.0,4.0,4.0,1.0,new-orleans-saints,1.0,0.0,10.0,25.0,10.0,5.0,0.0,0.0,32.0,19.0,1.0,1.0,0.0,0.0,10.0,43.0,13.0,307.0,30.0,1596.0,15.0,39.5,4.0,7.0,25.0,120.0,1.0,2.0,31.0,57.0,427.0,12.0,355.0,73.0,2004.0,2.0,42.8,4.0,4.0,20.0,54.0,0.0,0.0,19.0,70.0,408.0,2.0,2015.0
88,39.0,32.0,14.0,2.0,1.0,86.0,new-orleans-saints,54.0,5.0,4.0,3.0,carolina-panthers,2.0,0.0,33.0,43.0,24.0,10.0,0.0,0.0,53.0,33.0,6.0,5.0,2.0,0.0,36.0,80.0,20.0,514.0,120.0,3308.0,49.0,78.2,7.0,13.0,60.0,259.0,37.0,6.0,57.0,116.0,760.0,23.0,610.0,188.0,3892.0,2.0,86.6,8.0,12.0,47.0,158.0,13.0,3.0,38.0,139.0,731.0,3.0,2015.0
89,66.0,44.0,21.0,3.0,2.0,124.0,dallas-cowboys,85.0,6.0,5.0,3.0,new-orleans-saints,3.0,0.0,119.0,67.0,35.0,15.0,1.0,1.0,84.0,53.0,8.0,7.0,3.0,0.0,36.0,95.0,35.0,829.0,208.0,4944.0,49.0,121.4,11.0,20.0,90.0,378.0,37.0,7.0,84.0,178.0,1191.0,41.0,920.0,243.0,5856.0,84.0,132.6,10.0,17.0,71.0,228.0,16.0,4.0,60.0,202.0,1111.0,4.0,2015.0
90,93.0,57.0,27.0,4.0,3.0,165.0,new-orleans-saints,118.0,9.0,7.0,3.0,philadelphia-eagles,3.0,0.0,153.0,88.0,47.0,18.0,2.0,2.0,110.0,69.0,10.0,9.0,3.0,0.0,36.0,135.0,46.0,1075.0,238.0,6704.0,49.0,163.2,16.0,24.0,118.0,493.0,61.0,10.0,104.0,235.0,1526.0,58.0,1279.0,307.0,7709.0,118.0,174.1,14.0,24.0,96.0,331.0,42.0,7.0,86.0,271.0,1549.0,5.0,2015.0
91,112.0,73.0,35.0,5.0,4.0,208.0,atlanta-falcons,144.0,10.0,8.0,3.0,new-orleans-saints,4.0,0.0,238.0,122.0,58.0,22.0,4.0,2.0,155.0,101.0,14.0,13.0,6.0,2.0,80.0,175.0,64.0,1408.0,273.0,8746.0,49.0,213.2,17.0,35.0,152.0,679.0,104.0,15.0,143.0,314.0,2045.0,72.0,1614.0,385.0,9267.0,119.0,213.6,20.0,29.0,117.0,427.0,42.0,7.0,103.0,340.0,1937.0,6.0,2015.0
92,137.0,89.0,43.0,6.0,5.0,247.0,new-orleans-saints,174.0,13.0,9.0,6.0,indianapolis-colts,4.0,0.0,238.0,145.0,70.0,25.0,8.0,5.0,199.0,131.0,14.0,13.0,6.0,2.0,80.0,194.0,79.0,1703.0,314.0,10396.0,70.0,254.5,20.0,43.0,173.0,829.0,112.0,16.0,164.0,384.0,2458.0,88.0,1926.0,400.0,11217.0,131.0,257.4,24.0,36.0,149.0,508.0,74.0,12.0,134.0,412.0,2322.0,7.0,2015.0
93,159.0,109.0,50.0,7.0,6.0,292.0,new-york-giants,203.0,13.0,9.0,7.0,new-orleans-saints,5.0,25.0,238.0,160.0,83.0,28.0,8.0,5.0,243.0,154.0,14.0,13.0,6.0,4.0,80.0,285.0,89.0,2036.0,356.0,11693.0,108.0,306.2,30.0,46.0,186.0,904.0,126.0,18.0,185.0,445.0,2834.0,100.0,2206.0,500.0,13520.0,175.0,306.09999999999997,34.0,45.0,185.0,691.0,106.0,16.0,161.0,495.0,2771.0,8.0,2015.0
94,194.0,120.0,57.0,8.0,7.0,342.0,tennessee-titans,242.0,14.0,10.0,8.0,new-orleans-saints,7.0,25.0,264.0,188.0,91.0,29.0,10.0,7.0,284.0,184.0,14.0,13.0,6.0,4.0,145.0,454.0,105.0,2386.0,409.0,13198.0,121.0,359.2,34.0,51.0,207.0,991.0,126.0,18.0,234.0,510.0,3250.0,124.0,2711.0,593.0,15615.0,205.0,353.59999999999997,36.0,55.0,211.0,794.0,127.0,19.0,213.0,571.0,3379.0,9.0,2015.0
95,224.0,131.0,63.0,8.0,7.0,381.0,new-orleans-saints,270.0,15.0,10.0,9.0,washington-redskins,8.0,25.0,346.0,213.0,104.0,34.0,10.0,7.0,323.0,212.0,17.0,15.0,7.0,4.0,145.0,550.0,124.0,2757.0,475.0,15139.0,133.0,409.8,39.0,54.0,235.0,1103.0,158.0,22.0,268.0,577.0,3733.0,142.0,3098.0,668.0,17584.0,226.0,399.4,40.0,60.0,238.0,855.0,127.0,19.0,241.0,641.0,3795.0,10.0,2015.0
96,240.0,142.0,67.0,10.0,7.0,409.0,new-orleans-saints,289.0,15.0,10.0,9.0,houston-texans,10.0,25.0,405.0,236.0,115.0,40.0,10.0,7.0,348.0,232.0,21.0,19.0,7.0,4.0,180.0,579.0,136.0,3081.0,501.0,17153.0,159.0,453.3,41.0,63.0,266.0,1312.0,175.0,24.0,315.0,636.0,4243.0,152.0,3307.0,718.0,19170.0,236.0,446.59999999999997,44.0,66.0,263.0,1013.0,150.0,22.0,255.0,696.0,4145.0,12.0,2015.0
97,254.0,154.0,70.0,11.0,7.0,453.0,carolina-panthers,314.0,17.0,12.0,9.0,new-orleans-saints,11.0,49.0,445.0,259.0,128.0,46.0,10.0,7.0,375.0,253.0,22.0,20.0,7.0,5.0,230.0,631.0,147.0,3286.0,541.0,19336.0,190.0,500.5,45.0,72.0,304.0,1479.0,185.0,26.0,339.0,702.0,4605.0,163.0,3535.0,800.0,20587.0,248.0,493.4,50.0,68.0,273.0,1063.0,160.0,23.0,261.0,752.0,4413.0,13.0,2015.0
98,275.0,164.0,73.0,12.0,7.0,495.0,new-orleans-saints,338.0,18.0,12.0,11.0,tampa-bay-buccaneers,12.0,71.0,471.0,292.0,136.0,49.0,12.0,9.0,416.0,281.0,22.0,20.0,7.0,6.0,230.0,678.0,165.0,3617.0,628.0,21530.0,190.0,538.5,48.0,81.0,338.0,1654.0,203.0,28.0,380.0,778.0,5102.0,176.0,3817.0,904.0,21993.0,255.0,534.1999999999999,55.0,73.0,287.0,1133.0,169.0,24.0,299.0,810.0,4747.0,14.0,2015.0
99,301.0,181.0,85.0,12.0,7.0,536.0,detroit-lions,369.0,19.0,13.0,11.0,new-orleans-saints,12.0,71.0,471.0,310.0,147.0,53.0,13.0,10.0,448.0,299.0,24.0,21.0,7.0,6.0,230.0,709.0,173.0,3799.0,708.0,22896.0,190.0,579.7,53.0,86.0,357.0,1769.0,214.0,30.0,397.0,830.0,5393.0,192.0,4129.0,999.0,24227.0,262.0,577.9999999999999,59.0,80.0,322.0,1220.0,175.0,25.0,323.0,888.0,5135.0,15.0,2015.0
100,328.0,195.0,90.0,14.0,9.0,588.0,jacksonville-jaguars,403.0,21.0,15.0,12.0,new-orleans-saints,12.0,71.0,511.0,334.0,155.0,57.0,13.0,10.0,473.0,321.0,25.0,21.0,7.0,6.0,230.0,843.0,188.0,4053.0,800.0,24672.0,211.0,624.0,56.0,94.0,380.0,1919.0,225.0,31.0,432.0,881.0,5789.0,213.0,4470.0,1027.0,26051.0,274.0,620.9999999999999,63.0,83.0,340.0,1289.0,183.0,28.0,350.0,959.0,5534.0,16.0,2015.0
101,357.0,208.0,98.0,15.0,10.0,624.0,new-orleans-saints,428.0,24.0,16.0,12.0,atlanta-falcons,12.0,84.0,530.0,355.0,164.0,63.0,13.0,10.0,508.0,348.0,25.0,21.0,7.0,8.0,230.0,908.0,205.0,4421.0,855.0,25999.0,215.0,674.0,59.0,98.0,395.0,1984.0,235.0,32.0,459.0,933.0,6201.0,231.0,4882.0,1067.0,28324.0,275.0,670.4999999999999,65.0,92.0,375.0,1424.0,204.0,30.0,388.0,1031.0,6071.0,17.0,2016.0
102,0.0,0.0,0.0,0.0,0.0,0.0,oakland-raiders,0.0,0.0,0.0,0.0,new-orleans-saints,0.0,0.0,0.0,0.0,0.0,0.0,0.0,0.0,0.0,0.0,0.0,0.0,0.0,0.0,0.0,0.0,0.0,0.0,0.0,0.0,0.0,0.0,0.0,0.0,0.0,0.0,0.0,0.0,0.0,0.0,0.0,0.0,0.0,0.0,0.0,0.0,0.0,0.0,0.0,0.0,0.0,0.0,0.0,0.0,0.0,0.0,1.0,2016.0
103,27.0,11.0,4.0,1.0,1.0,42.0,new-orleans-saints,28.0,4.0,2.0,0.0,new-york-giants,0.0,0.0,86.0,25.0,11.0,4.0,0.0,0.0,38.0,24.0,2.0,2.0,1.0,0.0,0.0,49.0,14.0,319.0,141.0,1825.0,16.0,49.8,4.0,8.0,26.0,167.0,4.0,1.0,35.0,64.0,486.0,16.0,423.0,53.0,1775.0,11.0,47.5,2.0,7.0,22.0,88.0,0.0,0.0,34.0,65.0,507.0,2.0,2016.0
104,43.0,24.0,7.0,1.0,1.0,86.0,atlanta-falcons,57.0,7.0,4.0,3.0,new-orleans-saints,0.0,0.0,110.0,47.0,26.0,11.0,1.0,0.0,79.0,56.0,6.0,5.0,1.0,0.0,0.0,51.0,29.0,687.0,166.0,3872.0,25.0,107.8,6.0,13.0,58.0,231.0,20.0,3.0,51.0,139.0,903.0,31.0,686.0,129.0,3328.0,38.0,102.2,9.0,8.0,35.0,129.0,15.0,2.0,47.0,124.0,795.0,3.0,2016.0
105,75.0,37.0,14.0,3.0,2.0,140.0,new-orleans-saints,93.0,8.0,5.0,3.0,san-diego-chargers,1.0,0.0,110.0,73.0,37.0,16.0,3.0,2.0,109.0,76.0,7.0,6.0,2.0,0.0,90.0,105.0,42.0,927.0,201.0,5518.0,25.0,152.8,8.0,24.0,89.0,448.0,37.0,5.0,96.0,202.0,1345.0,52.0,1062.0,204.0,5282.0,38.0,143.7,11.0,17.0,58.0,244.0,30.0,4.0,79.0,203.0,1269.0,4.0,2016.0
106,96.0,55.0,25.0,4.0,3.0,176.0,carolina-panthers,116.0,8.0,5.0,5.0,new-orleans-saints,3.0,7.0,159.0,94.0,50.0,22.0,4.0,2.0,152.0,104.0,9.0,8.0,2.0,1.0,120.0,156.0,57.0,1248.0,247.0,7159.0,55.0,196.8,12.0,29.0,110.0,486.0,52.0,7.0,130.0,269.0,1691.0,67.0,1269.0,238.0,7241.0,50.0,194.89999999999998,16.0,23.0,92.0,327.0,43.0,7.0,114.0,275.0,1544.0,6.0,2016.0
107,119.0,71.0,33.0,5.0,4.0,225.0,new-orleans-saints,150.0,11.0,7.0,6.0,kansas-city-chiefs,4.0,7.0,188.0,126.0,61.0,25.0,5.0,3.0,199.0,131.0,10.0,9.0,2.0,2.0,139.0,222.0,77.0,1570.0,298.0,9024.0,87.0,245.20000000000002,17.0,38.0,137.0,589.0,57.0,8.0,168.0,345.0,2097.0,86.0,1734.0,364.0,8976.0,113.0,247.7,20.0,26.0,113.0,390.0,62.0,9.0,155.0,346.0,2067.0,7.0,2016.0
108,146.0,85.0,42.0,5.0,4.0,273.0,seattle-seahawks,187.0,11.0,7.0,6.0,new-orleans-saints,5.0,7.0,214.0,146.0,70.0,28.0,5.0,3.0,223.0,148.0,12.0,11.0,3.0,2.0,187.0,241.0,88.0,1784.0,328.0,10666.0,87.0,293.0,21.0,45.0,165.0,701.0,65.0,9.0,195.0,397.0,2423.0,106.0,2101.0,439.0,10934.0,123.0,295.9,24.0,32.0,135.0,494.0,62.0,9.0,176.0,417.0,2530.0,8.0,2016.0
109,174.0,100.0,51.0,5.0,4.0,308.0,new-orleans-saints,214.0,15.0,11.0,6.0,san-francisco-49ers,5.0,7.0,237.0,161.0,81.0,33.0,6.0,3.0,259.0,171.0,14.0,13.0,4.0,3.0,187.0,356.0,99.0,2080.0,404.0,12094.0,101.0,341.7,24.0,49.0,182.0,775.0,78.0,11.0,215.0,451.0,2782.0,123.0,2366.0,449.0,13106.0,123.0,341.9,26.0,39.0,170.0,617.0,73.0,10.0,201.0,489.0,2905.0,9.0,2016.0
110,203.0,117.0,62.0,5.0,4.0,347.0,denver-broncos,242.0,18.0,13.0,9.0,new-orleans-saints,5.0,36.0,295.0,180.0,90.0,35.0,8.0,3.0,298.0,195.0,17.0,16.0,4.0,4.0,187.0,460.0,114.0,2478.0,482.0,13361.0,124.0,384.2,26.0,53.0,199.0,868.0,78.0,12.0,238.0,508.0,3268.0,137.0,2689.0,489.0,15439.0,123.0,394.4,30.0,53.0,212.0,865.0,78.0,11.0,242.0,571.0,3476.0,10.0,2016.0
111,222.0,126.0,66.0,5.0,4.0,376.0,new-orleans-saints,263.0,19.0,14.0,9.0,carolina-panthers,7.0,74.0,340.0,204.0,109.0,46.0,8.0,3.0,338.0,220.0,21.0,19.0,6.0,6.0,198.0,460.0,134.0,2736.0,492.0,15723.0,141.0,425.5,29.0,56.0,236.0,971.0,88.0,13.0,263.0,591.0,3605.0,152.0,2992.0,514.0,16677.0,127.0,435.2,34.0,57.0,233.0,945.0,102.0,17.0,265.0,622.0,3849.0,11.0,2016.0
112,250.0,139.0,70.0,7.0,6.0,420.0,los-angeles-rams,298.0,22.0,16.0,9.0,new-orleans-saints,8.0,74.0,359.0,221.0,126.0,53.0,8.0,3.0,371.0,234.0,24.0,22.0,7.0,6.0,210.0,516.0,144.0,2928.0,537.0,17388.0,151.0,472.2,35.0,61.0,263.0,1021.0,109.0,16.0,286.0,653.0,3828.0,171.0,3277.0,562.0,18612.0,173.0,482.2,37.0,64.0,258.0,1052.0,121.0,19.0,285.0,694.0,4220.0,12.0,2016.0
113,277.0,152.0,76.0,9.0,8.0,457.0,detroit-lions,327.0,22.0,16.0,10.0,new-orleans-saints,8.0,74.0,377.0,234.0,136.0,55.0,9.0,3.0,403.0,254.0,24.0,22.0,8.0,7.0,210.0,679.0,152.0,3142.0,599.0,18832.0,159.0,521.2,41.0,65.0,280.0,1090.0,123.0,18.0,307.0,705.0,4075.0,188.0,3637.0,607.0,20768.0,181.0,527.0,41.0,73.0,290.0,1261.0,157.0,22.0,334.0,765.0,4775.0,13.0,2016.0
114,297.0,165.0,82.0,9.0,8.0,501.0,new-orleans-saints,358.0,24.0,18.0,10.0,tampa-bay-buccaneers,11.0,74.0,403.0,258.0,148.0,60.0,9.0,3.0,445.0,284.0,29.0,27.0,8.0,7.0,235.0,728.0,168.0,3483.0,638.0,21044.0,159.0,563.7,43.0,70.0,303.0,1175.0,130.0,19.0,335.0,772.0,4497.0,204.0,3963.0,690.0,22156.0,205.0,567.5,45.0,76.0,302.0,1311.0,161.0,24.0,347.0,822.0,5144.0,14.0,2016.0
115,311.0,178.0,86.0,11.0,9.0,542.0,new-orleans-saints,383.0,27.0,21.0,10.0,arizona-cardinals,14.0,74.0,422.0,279.0,161.0,66.0,9.0,3.0,471.0,300.0,32.0,30.0,8.0,7.0,240.0,728.0,179.0,3667.0,703.0,23039.0,174.0,609.9000000000001,47.0,75.0,338.0,1279.0,139.0,20.0,351.0,835.0,4767.0,214.0,4220.0,794.0,23761.0,211.0,618.7,49.0,78.0,318.0,1357.0,179.0,26.0,358.0,880.0,5438.0,15.0,2016.0
116,344.0,192.0,95.0,12.0,10.0,590.0,tampa-bay-buccaneers,420.0,29.0,23.0,12.0,new-orleans-saints,14.0,74.0,462.0,305.0,171.0,71.0,10.0,4.0,511.0,328.0,33.0,30.0,9.0,7.0,240.0,871.0,196.0,3985.0,755.0,24406.0,174.0,643.9000000000001,49.0,82.0,353.0,1395.0,170.0,23.0,392.0,891.0,5192.0,234.0,4609.0,840.0,25994.0,211.0,648.7,50.0,88.0,350.0,1487.0,188.0,27.0,406.0,963.0,5926.0,16.0,2016.0
117,369.0,204.0,100.0,12.0,10.0,624.0,new-orleans-saints,443.0,32.0,26.0,12.0,atlanta-falcons,14.0,109.0,462.0,328.0,183.0,78.0,10.0,4.0,546.0,351.0,34.0,31.0,9.0,9.0,240.0,888.0,211.0,4262.0,818.0,26110.0,198.0,694.9000000000001,52.0,87.0,374.0,1484.0,175.0,25.0,416.0,949.0,5541.0,249.0,4908.0,899.0,27890.0,211.0,690.0,53.0,97.0,381.0,1610.0,205.0,29.0,437.0,1030.0,6343.0,17.0,2017.0
118,395.0,220.0,107.0,15.0,13.0,674.0,new-orleans-saints,472.0,34.0,28.0,12.0,tampa-bay-buccaneers,15.0,109.0,462.0,353.0,194.0,84.0,10.0,4.0,582.0,378.0,35.0,32.0,9.0,9.0,240.0,898.0,230.0,4593.0,881.0,27895.0,237.0,741.1000000000001,56.0,91.0,396.0,1626.0,184.0,27.0,454.0,1008.0,6006.0,265.0,5258.0,969.0,29705.0,221.0,746.0,57.0,105.0,404.0,1742.0,213.0,30.0,469.0,1105.0,6816.0,17.0,2017.0
119,0.0,0.0,0.0,0.0,0.0,0.0,new-orleans-saints,0.0,0.0,0.0,0.0,minnesota-vikings,0.0,0.0,0.0,0.0,0.0,0.0,0.0,0.0,0.0,0.0,0.0,0.0,0.0,0.0,0.0,0.0,0.0,0.0,0.0,0.0,0.0,0.0,0.0,0.0,0.0,0.0,0.0,0.0,0.0,0.0,0.0,0.0,0.0,0.0,0.0,0.0,0.0,0.0,0.0,0.0,0.0,0.0,0.0,0.0,0.0,0.0,1.0,2017.0
120,19.0,11.0,4.0,0.0,0.0,37.0,new-england-patriots,27.0,4.0,4.0,0.0,new-orleans-saints,0.0,0.0,57.0,23.0,14.0,9.0,0.0,0.0,32.0,27.0,3.0,3.0,0.0,0.0,0.0,108.0,14.0,346.0,50.0,1876.0,11.0,43.5,2.0,5.0,30.0,129.0,7.0,1.0,29.0,63.0,470.0,14.0,291.0,52.0,1724.0,0.0,57.0,3.0,3.0,21.0,60.0,5.0,1.0,19.0,59.0,344.0,2.0,2017.0
121,39.0,23.0,8.0,2.0,1.0,82.0,new-orleans-saints,54.0,7.0,6.0,0.0,carolina-panthers,0.0,0.0,171.0,52.0,26.0,15.0,0.0,0.0,71.0,57.0,6.0,6.0,0.0,0.0,0.0,108.0,33.0,793.0,116.0,3982.0,11.0,80.5,5.0,13.0,61.0,248.0,15.0,2.0,65.0,135.0,1025.0,29.0,647.0,87.0,3218.0,16.0,97.3,6.0,8.0,38.0,141.0,16.0,3.0,39.0,122.0,773.0,3.0,2017.0
122,60.0,35.0,14.0,2.0,1.0,111.0,new-orleans-saints,76.0,10.0,8.0,0.0,miami-dolphins,0.0,37.0,171.0,70.0,40.0,22.0,0.0,0.0,104.0,76.0,8.0,8.0,0.0,3.0,0.0,138.0,40.0,977.0,121.0,5713.0,23.0,123.5,8.0,24.0,83.0,380.0,22.0,3.0,78.0,194.0,1313.0,41.0,867.0,97.0,5087.0,28.0,147.3,9.0,17.0,65.0,290.0,44.0,7.0,73.0,179.0,1135.0,4.0,2017.0
123,82.0,48.0,20.0,4.0,2.0,152.0,detroit-lions,105.0,13.0,10.0,0.0,new-orleans-saints,0.0,37.0,194.0,81.0,48.0,23.0,1.0,0.0,132.0,96.0,8.0,8.0,0.0,4.0,0.0,183.0,47.0,1141.0,211.0,7245.0,32.0,167.3,14.0,27.0,98.0,438.0,29.0,4.0,78.0,241.0,1499.0,57.0,1135.0,168.0,7155.0,54.0,194.3,12.0,21.0,93.0,376.0,80.0,11.0,93.0,249.0,1482.0,6.0,2017.0
124,101.0,60.0,22.0,5.0,3.0,182.0,new-orleans-saints,125.0,14.0,11.0,2.0,green-bay-packers,2.0,75.0,220.0,99.0,66.0,32.0,2.0,0.0,184.0,121.0,10.0,9.0,1.0,7.0,2.0,227.0,61.0,1453.0,257.0,8914.0,138.0,215.9,19.0,29.0,117.0,504.0,29.0,4.0,116.0,317.0,1846.0,66.0,1321.0,286.0,9086.0,60.0,243.4,19.0,30.0,130.0,569.0,111.0,16.0,145.0,316.0,1861.0,7.0,2017.0
125,126.0,75.0,30.0,6.0,4.0,220.0,chicago-bears,152.0,16.0,13.0,2.0,new-orleans-saints,4.0,75.0,277.0,115.0,77.0,36.0,2.0,0.0,209.0,133.0,12.0,10.0,1.0,8.0,2.0,279.0,65.0,1540.0,311.0,10298.0,138.0,263.5,24.0,37.0,141.0,685.0,36.0,5.0,133.0,367.0,2106.0,82.0,1652.0,366.0,11302.0,67.0,282.4,21.0,37.0,166.0,730.0,119.0,17.0,171.0,391.0,2346.0,8.0,2017.0
126,145.0,84.0,32.0,6.0,4.0,248.0,tampa-bay-buccaneers,175.0,18.0,15.0,2.0,new-orleans-saints,4.0,100.0,305.0,132.0,94.0,44.0,3.0,0.0,241.0,147.0,15.0,12.0,3.0,9.0,2.0,325.0,74.0,1704.0,342.0,12015.0,138.0,317.5,29.0,43.0,172.0,842.0,49.0,7.0,145.0,432.0,2413.0,93.0,1951.0,417.0,13185.0,89.0,333.4,25.0,44.0,196.0,831.0,133.0,19.0,191.0,451.0,2733.0,9.0,2017.0
127,166.0,97.0,39.0,6.0,4.0,275.0,new-orleans-saints,197.0,20.0,16.0,3.0,buffalo-bills,4.0,100.0,350.0,146.0,107.0,48.0,3.0,0.0,269.0,162.0,17.0,13.0,5.0,9.0,2.0,325.0,80.0,1839.0,392.0,13677.0,138.0,357.3,35.0,48.0,197.0,929.0,56.0,8.0,155.0,489.0,2613.0,106.0,2214.0,445.0,15123.0,89.0,378.9,27.0,52.0,228.0,982.0,155.0,23.0,221.0,511.0,3140.0,10.0,2017.0
128,198.0,109.0,45.0,8.0,6.0,300.0,washington-redskins,215.0,22.0,18.0,3.0,new-orleans-saints,4.0,127.0,350.0,156.0,118.0,50.0,4.0,0.0,297.0,178.0,18.0,14.0,6.0,10.0,2.0,388.0,87.0,1974.0,448.0,14794.0,138.0,402.6,41.0,50.0,212.0,998.0,56.0,8.0,165.0,534.0,2811.0,115.0,2398.0,486.0,17606.0,108.0,378.9,27.0,72.0,276.0,1280.0,161.0,25.0,268.0,584.0,3622.0,11.0,2017.0
129,225.0,121.0,49.0,9.0,7.0,341.0,new-orleans-saints,244.0,26.0,22.0,3.0,los-angeles-rams,5.0,127.0,430.0,180.0,130.0,54.0,6.0,2.0,329.0,200.0,19.0,15.0,6.0,10.0,2.0,388.0,102.0,2296.0,515.0,16725.0,138.0,452.20000000000005,46.0,56.0,245.0,1154.0,66.0,10.0,196.0,601.0,3267.0,131.0,2783.0,540.0,19430.0,146.0,418.59999999999997,30.0,82.0,299.0,1440.0,183.0,27.0,302.0,650.0,4157.0,12.0,2017.0
130,239.0,134.0,52.0,10.0,8.0,373.0,carolina-panthers,266.0,28.0,24.0,3.0,new-orleans-saints,5.0,127.0,430.0,204.0,144.0,57.0,6.0,2.0,373.0,228.0,24.0,19.0,6.0,11.0,2.0,498.0,116.0,2650.0,605.0,18851.0,197.0,498.20000000000005,49.0,62.0,270.0,1242.0,89.0,13.0,222.0,674.0,3682.0,141.0,3029.0,652.0,20904.0,146.0,471.59999999999997,37.0,84.0,316.0,1563.0,210.0,31.0,322.0,702.0,4503.0,13.0,2017.0
131,258.0,149.0,58.0,11.0,9.0,407.0,new-orleans-saints,291.0,30.0,25.0,4.0,atlanta-falcons,5.0,127.0,430.0,220.0,154.0,60.0,8.0,2.0,401.0,245.0,24.0,19.0,7.0,11.0,2.0,540.0,124.0,2833.0,659.0,20450.0,217.0,541.2,54.0,66.0,293.0,1354.0,106.0,15.0,243.0,727.0,3961.0,153.0,3298.0,720.0,22905.0,151.0,517.5999999999999,41.0,89.0,344.0,1711.0,226.0,33.0,353.0,766.0,4903.0,14.0,2017.0
132,276.0,159.0,61.0,12.0,10.0,442.0,new-york-jets,317.0,31.0,26.0,4.0,new-orleans-saints,6.0,172.0,551.0,246.0,166.0,67.0,8.0,2.0,428.0,260.0,26.0,21.0,7.0,14.0,2.0,601.0,135.0,3054.0,694.0,22531.0,221.0,582.7,56.0,72.0,330.0,1486.0,121.0,17.0,263.0,792.0,4304.0,169.0,3569.0,802.0,24424.0,151.0,559.1999999999999,46.0,91.0,359.0,1761.0,236.0,34.0,370.0,818.0,5209.0,15.0,2017.0
133,299.0,169.0,64.0,13.0,11.0,478.0,atlanta-falcons,343.0,32.0,27.0,4.0,new-orleans-saints,7.0,192.0,586.0,265.0,181.0,72.0,9.0,2.0,467.0,279.0,28.0,23.0,9.0,16.0,8.0,707.0,142.0,3233.0,744.0,24381.0,221.0,627.8000000000001,63.0,81.0,358.0,1610.0,121.0,17.0,282.0,860.0,4598.0,182.0,3850.0,894.0,26174.0,187.0,605.9999999999999,50.0,98.0,387.0,1892.0,245.0,35.0,401.0,882.0,5621.0,16.0,2017.0
134,314.0,182.0,67.0,14.0,12.0,506.0,carolina-panthers,364.0,35.0,30.0,5.0,new-orleans-saints,8.0,192.0,658.0,280.0,194.0,74.0,11.0,3.0,503.0,301.0,30.0,25.0,9.0,17.0,49.0,752.0,153.0,3521.0,835.0,25953.0,250.0,674.6,68.0,85.0,378.0,1677.0,131.0,18.0,295.0,921.0,4929.0,191.0,4089.0,924.0,28202.0,230.0,650.6999999999999,56.0,103.0,418.0,1978.0,269.0,40.0,424.0,942.0,5936.0,18.0,2018.0
135,335.0,190.0,69.0,15.0,12.0,539.0,new-orleans-saints,387.0,36.0,31.0,5.0,minnesota-vikings,9.0,192.0,658.0,304.0,211.0,82.0,13.0,4.0,544.0,325.0,35.0,29.0,9.0,17.0,50.0,752.0,169.0,3870.0,853.0,27982.0,261.0,722.9,71.0,90.0,404.0,1784.0,138.0,19.0,321.0,992.0,5342.0,208.0,4465.0,1020.0,29773.0,247.0,696.4999999999999,60.0,106.0,440.0,2019.0,312.0,44.0,455.0,998.0,6346.0,19.0,2018.0
136,358.0,199.0,71.0,16.0,13.0,580.0,carolina-panthers,412.0,38.0,32.0,5.0,new-orleans-saints,11.0,204.0,708.0,328.0,228.0,92.0,13.0,4.0,584.0,350.0,39.0,32.0,9.0,18.0,68.0,752.0,181.0,4188.0,883.0,29979.0,280.0,754.6999999999999,75.0,97.0,433.0,1879.0,154.0,21.0,350.0,1063.0,5745.0,226.0,4759.0,1117.0,31376.0,248.0,744.4999999999999,64.0,111.0,464.0,2099.0,322.0,46.0,479.0,1065.0,6704.0,17.0,2018.0
137,375.0,209.0,75.0,17.0,13.0,602.0,new-orleans-saints,426.0,38.0,32.0,5.0,buffalo-bills,12.0,204.0,708.0,353.0,241.0,98.0,15.0,5.0,614.0,368.0,41.0,34.0,9.0,18.0,73.0,752.0,191.0,4456.0,893.0,31985.0,280.0,809.4,78.0,108.0,470.0,1990.0,162.0,23.0,383.0,1131.0,6119.0,234.0,4877.0,1211.0,32970.0,266.0,786.4999999999999,69.0,120.0,491.0,2283.0,327.0,47.0,493.0,1116.0,6998.0,10.0,2017.0
138,0.0,0.0,0.0,0.0,0.0,0.0,tampa-bay-buccaneers,0.0,0.0,0.0,0.0,new-orleans-saints,0.0,0.0,0.0,0.0,0.0,0.0,0.0,0.0,0.0,0.0,0.0,0.0,0.0,0.0,0.0,0.0,0.0,0.0,0.0,0.0,0.0,0.0,0.0,0.0,0.0,0.0,0.0,0.0,0.0,0.0,0.0,0.0,0.0,0.0,0.0,0.0,0.0,0.0,0.0,0.0,0.0,0.0,0.0,0.0,0.0,0.0,1.0,2018.0
139,26.0,9.0,4.0,1.0,1.0,45.0,cleveland-browns,37.0,1.0,1.0,0.0,new-orleans-saints,0.0,0.0,69.0,26.0,13.0,8.0,0.0,0.0,28.0,21.0,3.0,2.0,2.0,0.0,0.0,33.0,17.0,417.0,70.0,1929.0,19.0,42.0,1.0,5.0,34.0,112.0,7.0,1.0,48.0,62.0,529.0,19.0,439.0,77.0,1671.0,0.0,52.0,3.0,5.0,13.0,43.0,0.0,0.0,40.0,59.0,475.0,2.0,2018.0
140,44.0,21.0,7.0,1.0,1.0,80.0,new-orleans-saints,65.0,4.0,3.0,0.0,atlanta-falcons,0.0,22.0,116.0,42.0,25.0,12.0,2.0,1.0,58.0,43.0,7.0,4.0,4.0,1.0,0.0,115.0,27.0,663.0,113.0,3568.0,19.0,81.3,4.0,9.0,61.0,205.0,37.0,4.0,66.0,122.0,856.0,30.0,682.0,130.0,3632.0,0.0,96.8,7.0,9.0,36.0,105.0,12.0,3.0,61.0,120.0,750.0,3.0,2018.0
141,76.0,35.0,14.0,2.0,2.0,129.0,new-orleans-saints,104.0,7.0,6.0,0.0,new-york-giants,0.0,22.0,180.0,66.0,36.0,16.0,2.0,1.0,93.0,69.0,7.0,4.0,4.0,1.0,0.0,189.0,46.0,1037.0,167.0,5328.0,31.0,124.5,9.0,10.0,83.0,253.0,42.0,5.0,103.0,182.0,1263.0,49.0,1078.0,250.0,5897.0,16.0,147.3,11.0,20.0,63.0,248.0,27.0,6.0,104.0,197.0,1284.0,4.0,2018.0
142,101.0,48.0,19.0,3.0,3.0,163.0,washington-redskins,123.0,11.0,10.0,2.0,new-orleans-saints,0.0,22.0,197.0,88.0,46.0,21.0,2.0,1.0,134.0,100.0,8.0,5.0,4.0,1.0,0.0,249.0,64.0,1292.0,234.0,7068.0,31.0,175.5,13.0,13.0,98.0,318.0,50.0,6.0,121.0,241.0,1562.0,61.0,1305.0,301.0,7757.0,31.0,194.8,13.0,30.0,95.0,418.0,48.0,9.0,137.0,264.0,1673.0,5.0,2018.0
143,128.0,57.0,24.0,3.0,3.0,192.0,new-orleans-saints,149.0,12.0,11.0,3.0,baltimore-ravens,0.0,99.0,240.0,106.0,59.0,25.0,6.0,3.0,173.0,123.0,10.0,7.0,5.0,2.0,0.0,294.0,76.0,1567.0,272.0,8671.0,31.0,212.2,16.0,19.0,116.0,357.0,64.0,8.0,140.0,301.0,1845.0,76.0,1668.0,346.0,9754.0,31.0,194.8,13.0,38.0,127.0,516.0,79.0,12.0,180.0,327.0,2120.0,7.0,2018.0
144,154.0,71.0,30.0,8.0,7.0,222.0,new-orleans-saints,171.0,13.0,12.0,3.0,minnesota-vikings,0.0,99.0,256.0,131.0,71.0,30.0,8.0,4.0,213.0,147.0,11.0,8.0,6.0,2.0,0.0,344.0,91.0,1851.0,326.0,10260.0,39.0,257.9,19.0,25.0,139.0,434.0,71.0,9.0,163.0,365.0,2196.0,88.0,1880.0,398.0,11765.0,43.0,238.8,15.0,50.0,166.0,650.0,89.0,13.0,204.0,397.0,2459.0,8.0,2018.0
145,171.0,80.0,34.0,8.0,7.0,246.0,los-angeles-rams,190.0,16.0,15.0,4.0,new-orleans-saints,1.0,144.0,306.0,158.0,81.0,35.0,11.0,6.0,254.0,178.0,11.0,8.0,6.0,3.0,0.0,381.0,110.0,2210.0,380.0,12143.0,43.0,298.4,21.0,29.0,161.0,519.0,71.0,9.0,183.0,432.0,2619.0,97.0,2044.0,462.0,13482.0,58.0,281.8,17.0,56.0,195.0,756.0,110.0,17.0,234.0,450.0,2729.0,9.0,2018.0
146,202.0,92.0,41.0,10.0,9.0,282.0,new-orleans-saints,215.0,17.0,16.0,4.0,cincinnati-bengals,1.0,146.0,355.0,181.0,89.0,38.0,13.0,6.0,294.0,206.0,14.0,10.0,7.0,4.0,0.0,469.0,127.0,2601.0,412.0,13722.0,43.0,345.4,22.0,34.0,180.0,611.0,71.0,9.0,218.0,491.0,3102.0,116.0,2390.0,482.0,15503.0,58.0,315.3,19.0,66.0,229.0,897.0,110.0,17.0,279.0,520.0,3216.0,10.0,2018.0
147,235.0,104.0,48.0,11.0,10.0,309.0,philadelphia-eagles,237.0,20.0,19.0,4.0,new-orleans-saints,1.0,253.0,355.0,194.0,95.0,38.0,15.0,7.0,317.0,220.0,14.0,10.0,7.0,6.0,0.0,576.0,136.0,2799.0,438.0,14936.0,43.0,384.59999999999997,26.0,38.0,196.0,721.0,71.0,9.0,232.0,534.0,3386.0,129.0,2655.0,487.0,17889.0,60.0,315.3,19.0,84.0,276.0,1141.0,134.0,21.0,330.0,594.0,3725.0,11.0,2018.0
148,263.0,115.0,54.0,12.0,11.0,341.0,atlanta-falcons,260.0,22.0,21.0,4.0,new-orleans-saints,1.0,253.0,355.0,207.0,105.0,41.0,17.0,7.0,350.0,239.0,14.0,10.0,7.0,9.0,0.0,690.0,145.0,2955.0,487.0,16282.0,43.0,424.4,30.0,40.0,208.0,779.0,71.0,9.0,239.0,582.0,3582.0,150.0,3028.0,556.0,20143.0,73.0,364.8,21.0,90.0,313.0,1314.0,152.0,24.0,378.0,663.0,4271.0,12.0,2018.0
149,282.0,126.0,59.0,12.0,11.0,363.0,new-orleans-saints,275.0,23.0,22.0,7.0,dallas-cowboys,2.0,259.0,387.0,228.0,120.0,46.0,23.0,11.0,397.0,274.0,15.0,11.0,7.0,10.0,0.0,795.0,163.0,3332.0,513.0,18141.0,43.0,472.4,32.0,42.0,224.0,805.0,80.0,11.0,256.0,651.0,3948.0,159.0,3199.0,575.0,21884.0,80.0,412.8,24.0,99.0,344.0,1464.0,189.0,30.0,409.0,718.0,4583.0,13.0,2018.0
150,296.0,137.0,62.0,13.0,11.0,391.0,new-orleans-saints,293.0,24.0,23.0,9.0,tampa-bay-buccaneers,3.0,259.0,434.0,249.0,134.0,53.0,23.0,11.0,425.0,298.0,17.0,13.0,7.0,10.0,7.0,795.0,174.0,3581.0,593.0,20354.0,51.0,523.4,35.0,49.0,255.0,904.0,96.0,13.0,269.0,717.0,4256.0,165.0,3326.0,623.0,23271.0,97.0,464.3,28.0,103.0,363.0,1529.0,229.0,37.0,419.0,767.0,4759.0,14.0,2018.0
151,315.0,149.0,68.0,14.0,12.0,422.0,new-orleans-saints,317.0,26.0,25.0,9.0,carolina-panthers,4.0,259.0,510.0,269.0,148.0,59.0,23.0,11.0,463.0,316.0,19.0,13.0,8.0,11.0,14.0,839.0,186.0,3794.0,677.0,22041.0,61.0,568.4,40.0,54.0,278.0,1009.0,99.0,14.0,283.0,782.0,4535.0,178.0,3527.0,674.0,25184.0,126.0,516.0,31.0,109.0,393.0,1629.0,268.0,41.0,447.0,829.0,5057.0,15.0,2018.0
152,336.0,162.0,72.0,15.0,13.0,457.0,pittsburgh-steelers,340.0,28.0,27.0,10.0,new-orleans-saints,5.0,259.0,560.0,282.0,163.0,66.0,25.0,12.0,493.0,333.0,19.0,13.0,9.0,12.0,43.0,865.0,193.0,3975.0,725.0,23532.0,62.0,608.1999999999999,46.0,59.0,301.0,1107.0,111.0,16.0,292.0,839.0,4782.0,186.0,3730.0,754.0,27293.0,139.0,558.0,35.0,120.0,425.0,1784.0,300.0,45.0,459.0,898.0,5403.0,16.0,2018.0
153,360.0,174.0,78.0,15.0,13.0,497.0,philadelphia-eagles,367.0,30.0,28.0,12.0,new-orleans-saints,6.0,259.0,560.0,308.0,176.0,72.0,27.0,13.0,543.0,366.0,21.0,15.0,9.0,12.0,70.0,885.0,214.0,4355.0,804.0,25412.0,62.0,657.1999999999999,48.0,61.0,319.0,1172.0,124.0,18.0,320.0,910.0,5211.0,202.0,4056.0,845.0,29013.0,139.0,605.0,38.0,125.0,444.0,1841.0,316.0,48.0,490.0,959.0,5773.0,19.0,2019.0
154,385.0,189.0,86.0,17.0,15.0,535.0,los-angeles-rams,395.0,33.0,30.0,12.0,new-orleans-saints,7.0,273.0,605.0,323.0,183.0,74.0,27.0,13.0,574.0,384.0,21.0,15.0,9.0,14.0,70.0,904.0,225.0,4556.0,834.0,26742.0,62.0,705.4,53.0,63.0,335.0,1221.0,142.0,20.0,334.0,957.0,5461.0,216.0,4357.0,929.0,31283.0,147.0,649.7,41.0,134.0,475.0,1978.0,316.0,48.0,510.0,1030.0,6193.0,20.0,2019.0
155,404.0,203.0,92.0,17.0,15.0,576.0,new-orleans-saints,421.0,36.0,33.0,12.0,carolina-panthers,8.0,274.0,724.0,342.0,199.0,80.0,28.0,14.0,615.0,410.0,25.0,19.0,9.0,15.0,70.0,921.0,239.0,4865.0,898.0,28698.0,62.0,751.1999999999999,57.0,68.0,361.0,1298.0,149.0,22.0,360.0,1025.0,5839.0,228.0,4606.0,949.0,33124.0,147.0,692.5,45.0,139.0,496.0,2026.0,324.0,49.0,533.0,1094.0,6483.0,17.0,2019.0
156,0.0,0.0,0.0,0.0,0.0,0.0,houston-texans,0.0,0.0,0.0,0.0,new-orleans-saints,0.0,0.0,0.0,0.0,0.0,0.0,0.0,0.0,0.0,0.0,0.0,0.0,0.0,0.0,0.0,0.0,0.0,0.0,0.0,0.0,0.0,0.0,0.0,0.0,0.0,0.0,0.0,0.0,0.0,0.0,0.0,0.0,0.0,0.0,0.0,0.0,0.0,0.0,0.0,0.0,0.0,0.0,0.0,0.0,0.0,0.0,1.0,2019.0
157,25.0,11.0,7.0,0.0,0.0,43.0,new-orleans-saints,32.0,4.0,3.0,0.0,los-angeles-rams,1.0,0.0,36.0,22.0,13.0,7.0,1.0,1.0,30.0,20.0,0.0,0.0,0.0,1.0,2.0,12.0,12.0,268.0,69.0,1787.0,0.0,43.0,4.0,8.0,23.0,180.0,8.0,1.0,28.0,59.0,414.0,19.0,370.0,48.0,1813.0,20.0,44.0,2.0,6.0,21.0,148.0,34.0,6.0,30.0,65.0,510.0,2.0,2019.0
158,40.0,24.0,11.0,1.0,0.0,78.0,new-orleans-saints,52.0,7.0,6.0,1.0,seattle-seahawks,2.0,0.0,36.0,42.0,26.0,12.0,1.0,1.0,58.0,39.0,2.0,2.0,0.0,1.0,2.0,12.0,23.0,551.0,134.0,3608.0,42.0,92.8,8.0,15.0,53.0,295.0,24.0,3.0,55.0,120.0,794.0,30.0,573.0,135.0,3592.0,54.0,92.8,7.0,8.0,41.0,205.0,52.0,9.0,39.0,122.0,754.0,3.0,2019.0
159,55.0,35.0,14.0,2.0,1.0,105.0,dallas-cowboys,71.0,7.0,6.0,2.0,new-orleans-saints,2.0,0.0,96.0,68.0,40.0,17.0,5.0,2.0,108.0,71.0,2.0,2.0,1.0,1.0,2.0,59.0,41.0,957.0,187.0,5501.0,54.0,134.0,12.0,20.0,79.0,403.0,24.0,3.0,82.0,196.0,1308.0,39.0,750.0,205.0,5299.0,107.0,146.8,13.0,12.0,64.0,293.0,52.0,9.0,72.0,172.0,1019.0,4.0,2019.0
160,73.0,49.0,20.0,2.0,1.0,135.0,tampa-bay-buccaneers,94.0,11.0,10.0,4.0,new-orleans-saints,3.0,1.0,125.0,83.0,51.0,21.0,6.0,2.0,141.0,93.0,3.0,3.0,1.0,2.0,2.0,59.0,49.0,1180.0,251.0,6937.0,68.0,179.2,16.0,24.0,99.0,448.0,68.0,8.0,92.0,250.0,1565.0,45.0,943.0,285.0,7463.0,130.0,190.3,17.0,22.0,91.0,410.0,63.0,10.0,84.0,234.0,1285.0,5.0,2019.0
161,98.0,64.0,28.0,4.0,2.0,171.0,new-orleans-saints,122.0,12.0,11.0,4.0,jacksonville-jaguars,4.0,1.0,125.0,102.0,62.0,24.0,7.0,3.0,168.0,108.0,4.0,4.0,1.0,2.0,16.0,97.0,61.0,1384.0,281.0,8530.0,68.0,223.0,22.0,29.0,121.0,542.0,68.0,8.0,116.0,305.0,1817.0,63.0,1288.0,325.0,9470.0,138.0,228.0,20.0,27.0,122.0,522.0,109.0,16.0,115.0,301.0,1742.0,6.0,2019.0
162,116.0,77.0,33.0,4.0,2.0,207.0,new-orleans-saints,146.0,14.0,13.0,4.0,chicago-bears,4.0,1.0,146.0,113.0,76.0,28.0,8.0,3.0,197.0,122.0,6.0,6.0,1.0,3.0,16.0,97.0,70.0,1547.0,296.0,10141.0,68.0,271.8,27.0,30.0,145.0,617.0,86.0,11.0,122.0,360.0,2043.0,75.0,1528.0,360.0,11459.0,150.0,269.8,26.0,33.0,148.0,626.0,121.0,18.0,128.0,366.0,2068.0,7.0,2019.0
163,140.0,92.0,40.0,4.0,2.0,245.0,arizona-cardinals,169.0,18.0,15.0,6.0,new-orleans-saints,4.0,1.0,200.0,129.0,88.0,30.0,10.0,4.0,251.0,156.0,7.0,7.0,1.0,3.0,16.0,260.0,86.0,1798.0,306.0,11495.0,74.0,315.6,33.0,30.0,152.0,634.0,94.0,12.0,147.0,423.0,2295.0,89.0,1809.0,395.0,13705.0,196.0,312.0,30.0,42.0,183.0,777.0,137.0,20.0,164.0,440.0,2492.0,8.0,2019.0
164,168.0,104.0,47.0,4.0,2.0,288.0,atlanta-falcons,203.0,20.0,16.0,6.0,new-orleans-saints,5.0,1.0,200.0,139.0,100.0,32.0,12.0,4.0,285.0,175.0,10.0,10.0,1.0,3.0,16.0,299.0,94.0,2018.0,341.0,12816.0,82.0,363.20000000000005,38.0,32.0,163.0,674.0,94.0,12.0,156.0,472.0,2532.0,109.0,2182.0,410.0,15984.0,213.0,356.0,32.0,50.0,212.0,914.0,160.0,24.0,195.0,512.0,3002.0,10.0,2019.0
165,186.0,116.0,50.0,7.0,2.0,334.0,new-orleans-saints,236.0,23.0,19.0,6.0,tampa-bay-buccaneers,5.0,1.0,309.0,163.0,115.0,38.0,13.0,5.0,320.0,195.0,14.0,14.0,1.0,4.0,16.0,299.0,103.0,2200.0,389.0,14842.0,115.0,401.70000000000005,40.0,41.0,197.0,817.0,140.0,18.0,182.0,542.0,2849.0,122.0,2486.0,500.0,17558.0,232.0,404.0,36.0,54.0,223.0,966.0,168.0,25.0,204.0,575.0,3312.0,11.0,2019.0
166,207.0,129.0,57.0,8.0,3.0,369.0,carolina-panthers,264.0,25.0,21.0,6.0,new-orleans-saints,5.0,76.0,321.0,184.0,128.0,43.0,14.0,5.0,371.0,225.0,15.0,15.0,1.0,8.0,16.0,315.0,117.0,2513.0,444.0,16222.0,122.0,444.70000000000005,43.0,43.0,205.0,853.0,149.0,19.0,199.0,603.0,3183.0,136.0,2714.0,576.0,19778.0,264.0,446.0,39.0,61.0,251.0,1075.0,183.0,27.0,238.0,639.0,3640.0,12.0,2019.0
167,230.0,139.0,61.0,9.0,3.0,408.0,new-orleans-saints,294.0,27.0,23.0,7.0,atlanta-falcons,6.0,76.0,321.0,210.0,141.0,48.0,15.0,6.0,407.0,248.0,18.0,17.0,1.0,8.0,16.0,342.0,132.0,2769.0,469.0,18115.0,122.0,486.70000000000005,46.0,49.0,234.0,974.0,160.0,21.0,230.0,672.0,3534.0,153.0,3025.0,699.0,21485.0,264.0,495.3,42.0,66.0,269.0,1193.0,209.0,31.0,272.0,698.0,4058.0,13.0,2019.0
168,244.0,149.0,63.0,9.0,3.0,439.0,san-francisco-49ers,312.0,31.0,27.0,8.0,new-orleans-saints,6.0,123.0,359.0,237.0,157.0,54.0,19.0,8.0,457.0,283.0,21.0,19.0,1.0,10.0,16.0,418.0,150.0,3081.0,487.0,20252.0,122.0,515.7,49.0,53.0,260.0,1063.0,160.0,21.0,248.0,757.0,3882.0,163.0,3209.0,820.0,22948.0,264.0,543.8,46.0,70.0,287.0,1288.0,262.0,40.0,298.0,747.0,4337.0,14.0,2019.0
169,272.0,160.0,68.0,12.0,5.0,480.0,indianapolis-colts,341.0,33.0,29.0,8.0,new-orleans-saints,6.0,126.0,514.0,262.0,169.0,60.0,20.0,9.0,493.0,310.0,23.0,21.0,2.0,11.0,16.0,439.0,165.0,3465.0,554.0,21969.0,125.0,560.4000000000001,52.0,60.0,284.0,1225.0,160.0,21.0,296.0,820.0,4398.0,180.0,3558.0,870.0,24831.0,301.0,588.8,47.0,79.0,314.0,1404.0,292.0,43.0,344.0,815.0,4802.0,15.0,2019.0
170,299.0,169.0,73.0,12.0,5.0,510.0,new-orleans-saints,370.0,35.0,31.0,8.0,tennessee-titans,6.0,126.0,514.0,278.0,181.0,63.0,22.0,10.0,527.0,328.0,23.0,21.0,2.0,11.0,16.0,458.0,173.0,3630.0,603.0,23387.0,125.0,597.4000000000001,58.0,65.0,301.0,1271.0,160.0,21.0,303.0,872.0,4603.0,198.0,3865.0,922.0,27013.0,330.0,632.3,49.0,86.0,347.0,1521.0,298.0,44.0,378.0,878.0,5226.0,16.0,2019.0
171,322.0,181.0,77.0,13.0,5.0,550.0,minnesota-vikings,398.0,36.0,32.0,9.0,new-orleans-saints,6.0,126.0,676.0,295.0,194.0,68.0,23.0,10.0,554.0,345.0,23.0,21.0,2.0,11.0,16.0,541.0,184.0,3902.0,659.0,25123.0,162.0,640.1000000000001,65.0,69.0,327.0,1420.0,184.0,24.0,331.0,930.0,5000.0,214.0,4164.0,992.0,28877.0,351.0,681.0999999999999,54.0,91.0,370.0,1623.0,322.0,49.0,416.0,944.0,5603.0,18.0,2020.0
172,0.0,0.0,0.0,0.0,0.0,0.0,tampa-bay-buccaneers,0.0,0.0,0.0,0.0,new-orleans-saints,0.0,0.0,0.0,0.0,0.0,0.0,0.0,0.0,0.0,0.0,0.0,0.0,0.0,0.0,0.0,0.0,0.0,0.0,0.0,0.0,0.0,0.0,0.0,0.0,0.0,0.0,0.0,0.0,0.0,0.0,0.0,0.0,0.0,0.0,0.0,0.0,0.0,0.0,0.0,0.0,0.0,0.0,0.0,0.0,0.0,0.0,1.0,2020.0
173,18.0,15.0,5.0,1.0,0.0,31.0,new-orleans-saints,19.0,2.0,2.0,1.0,las-vegas-raiders,0.0,53.0,0.0,23.0,13.0,5.0,1.0,1.0,36.0,23.0,2.0,1.0,0.0,2.0,0.0,0.0,10.0,239.0,103.0,1717.0,0.0,47.2,5.0,7.0,26.0,86.0,9.0,1.0,23.0,65.0,310.0,10.0,198.0,119.0,1883.0,59.0,44.0,6.0,5.0,34.0,82.0,15.0,3.0,34.0,66.0,271.0,2.0,2020.0
174,44.0,26.0,12.0,1.0,0.0,69.0,green-bay-packers,45.0,3.0,3.0,2.0,new-orleans-saints,1.0,53.0,64.0,51.0,30.0,15.0,3.0,3.0,74.0,51.0,4.0,3.0,0.0,2.0,6.0,46.0,28.0,523.0,116.0,3895.0,5.0,86.2,7.0,12.0,61.0,202.0,9.0,1.0,57.0,141.0,687.0,27.0,510.0,248.0,3305.0,59.0,80.3,9.0,13.0,53.0,194.0,38.0,6.0,58.0,123.0,695.0,3.0,2020.0
175,65.0,37.0,17.0,2.0,1.0,105.0,new-orleans-saints,74.0,6.0,6.0,2.0,detroit-lions,1.0,53.0,142.0,75.0,41.0,20.0,5.0,4.0,106.0,72.0,7.0,6.0,1.0,2.0,6.0,76.0,42.0,806.0,126.0,5795.0,5.0,124.2,8.0,18.0,87.0,300.0,22.0,3.0,94.0,200.0,1056.0,41.0,798.0,331.0,5005.0,73.0,118.6,12.0,18.0,73.0,316.0,50.0,7.0,88.0,181.0,1092.0,4.0,2020.0
176,94.0,51.0,27.0,3.0,2.0,130.0,los-angeles-chargers,93.0,6.0,6.0,2.0,new-orleans-saints,2.0,53.0,169.0,93.0,55.0,27.0,8.0,7.0,137.0,89.0,7.0,6.0,1.0,3.0,12.0,127.0,54.0,1012.0,175.0,7189.0,5.0,178.7,12.0,21.0,109.0,390.0,40.0,5.0,123.0,256.0,1337.0,56.0,1044.0,398.0,7211.0,106.0,151.6,14.0,31.0,115.0,480.0,65.0,10.0,123.0,250.0,1484.0,5.0,2020.0
177,117.0,66.0,32.0,3.0,2.0,178.0,carolina-panthers,126.0,9.0,9.0,2.0,new-orleans-saints,3.0,53.0,257.0,112.0,72.0,35.0,9.0,7.0,171.0,109.0,8.0,6.0,1.0,3.0,51.0,197.0,66.0,1276.0,185.0,9031.0,14.0,227.1,19.0,26.0,141.0,501.0,52.0,7.0,150.0,325.0,1687.0,73.0,1369.0,458.0,9312.0,175.0,198.39999999999998,20.0,37.0,140.0,575.0,90.0,13.0,153.0,325.0,1892.0,7.0,2020.0
178,143.0,80.0,44.0,3.0,2.0,215.0,new-orleans-saints,156.0,11.0,11.0,2.0,chicago-bears,3.0,53.0,304.0,130.0,81.0,41.0,9.0,7.0,199.0,132.0,10.0,7.0,2.0,3.0,51.0,219.0,77.0,1530.0,190.0,10550.0,14.0,278.1,20.0,30.0,155.0,538.0,62.0,8.0,174.0,368.0,1970.0,89.0,1656.0,508.0,11393.0,179.0,198.39999999999998,20.0,46.0,169.0,713.0,98.0,14.0,180.0,392.0,2307.0,8.0,2020.0
179,166.0,93.0,46.0,6.0,4.0,256.0,new-orleans-saints,187.0,16.0,15.0,2.0,tampa-bay-buccaneers,3.0,53.0,398.0,148.0,96.0,46.0,12.0,9.0,240.0,160.0,13.0,10.0,2.0,4.0,51.0,280.0,89.0,1802.0,243.0,12539.0,31.0,328.1,24.0,35.0,178.0,634.0,70.0,9.0,197.0,437.0,2299.0,100.0,1936.0,553.0,13508.0,246.0,236.59999999999997,24.0,56.0,199.0,835.0,137.0,19.0,206.0,464.0,2701.0,9.0,2020.0
180,193.0,107.0,55.0,8.0,5.0,291.0,san-francisco-49ers,216.0,17.0,16.0,2.0,new-orleans-saints,3.0,57.0,398.0,161.0,105.0,47.0,15.0,9.0,278.0,182.0,14.0,11.0,4.0,7.0,51.0,326.0,99.0,2011.0,282.0,13735.0,32.0,368.3,28.0,35.0,183.0,642.0,70.0,10.0,200.0,483.0,2493.0,115.0,2218.0,581.0,15912.0,276.0,287.59999999999997,25.0,67.0,236.0,973.0,160.0,22.0,244.0,537.0,3121.0,10.0,2020.0
181,210.0,119.0,57.0,8.0,5.0,314.0,atlanta-falcons,230.0,19.0,18.0,4.0,new-orleans-saints,3.0,66.0,520.0,182.0,121.0,54.0,16.0,9.0,317.0,206.0,16.0,13.0,6.0,9.0,51.0,340.0,113.0,2258.0,333.0,15709.0,32.0,416.1,33.0,38.0,208.0,691.0,86.0,13.0,213.0,549.0,2774.0,123.0,2357.0,642.0,17538.0,276.0,328.59999999999997,30.0,74.0,266.0,1087.0,175.0,24.0,271.0,593.0,3358.0,11.0,2020.0
182,234.0,130.0,61.0,9.0,6.0,337.0,new-orleans-saints,248.0,21.0,19.0,4.0,denver-broncos,3.0,89.0,581.0,196.0,135.0,56.0,19.0,11.0,354.0,225.0,19.0,16.0,7.0,11.0,51.0,358.0,123.0,2490.0,386.0,17288.0,32.0,466.1,38.0,39.0,222.0,743.0,109.0,16.0,222.0,608.0,3022.0,132.0,2590.0,677.0,19559.0,296.0,368.4,34.0,86.0,302.0,1253.0,211.0,32.0,295.0,655.0,3734.0,12.0,2020.0
183,253.0,145.0,68.0,9.0,6.0,353.0,new-orleans-saints,257.0,22.0,20.0,5.0,atlanta-falcons,4.0,106.0,598.0,202.0,145.0,57.0,19.0,11.0,363.0,226.0,20.0,17.0,7.0,13.0,77.0,358.0,124.0,2503.0,396.0,18742.0,32.0,513.5,45.0,44.0,255.0,843.0,124.0,19.0,225.0,651.0,3134.0,136.0,2668.0,712.0,21705.0,315.0,414.09999999999997,40.0,100.0,346.0,1482.0,212.0,33.0,326.0,718.0,4026.0,13.0,2020.0
184,276.0,162.0,76.0,12.0,8.0,390.0,new-orleans-saints,284.0,23.0,20.0,6.0,philadelphia-eagles,4.0,106.0,598.0,223.0,158.0,62.0,20.0,11.0,402.0,245.0,23.0,20.0,8.0,13.0,77.0,358.0,136.0,2776.0,411.0,20128.0,44.0,557.1,50.0,48.0,276.0,913.0,139.0,21.0,241.0,714.0,3466.0,149.0,2900.0,791.0,23919.0,332.0,453.9,45.0,109.0,382.0,1689.0,223.0,36.0,347.0,793.0,4450.0,14.0,2020.0
185,296.0,174.0,81.0,13.0,8.0,428.0,kansas-city-chiefs,312.0,25.0,20.0,7.0,new-orleans-saints,5.0,106.0,653.0,244.0,171.0,66.0,24.0,13.0,432.0,262.0,25.0,21.0,9.0,13.0,84.0,358.0,143.0,2943.0,438.0,21944.0,53.0,603.8000000000001,53.0,59.0,312.0,1159.0,168.0,26.0,265.0,780.0,3879.0,164.0,3191.0,843.0,25703.0,338.0,506.7,49.0,114.0,402.0,1785.0,223.0,36.0,368.0,856.0,4808.0,15.0,2020.0
186,311.0,185.0,82.0,14.0,9.0,462.0,minnesota-vikings,327.0,25.0,20.0,8.0,new-orleans-saints,6.0,106.0,687.0,278.0,189.0,75.0,24.0,13.0,479.0,288.0,26.0,22.0,9.0,13.0,87.0,358.0,159.0,3197.0,492.0,24418.0,53.0,644.3000000000001,59.0,72.0,353.0,1338.0,177.0,27.0,297.0,872.0,4290.0,174.0,3425.0,936.0,26829.0,364.0,553.9,57.0,117.0,419.0,1845.0,245.0,40.0,397.0,908.0,5093.0,16.0,2020.0
187,347.0,194.0,87.0,15.0,10.0,490.0,new-orleans-saints,348.0,26.0,21.0,8.0,carolina-panthers,8.0,106.0,761.0,303.0,198.0,78.0,26.0,14.0,520.0,315.0,26.0,22.0,9.0,13.0,96.0,358.0,176.0,3488.0,512.0,25811.0,53.0,690.8000000000001,63.0,78.0,370.0,1428.0,177.0,27.0,330.0,932.0,4654.0,188.0,3744.0,974.0,29036.0,381.0,553.9,57.0,138.0,464.0,2109.0,262.0,42.0,449.0,981.0,5676.0,17.0,2021.0
188,367.0,208.0,93.0,16.0,11.0,522.0,chicago-bears,370.0,28.0,23.0,8.0,new-orleans-saints,8.0,196.0,761.0,320.0,207.0,79.0,30.0,16.0,557.0,333.0,26.0,22.0,9.0,18.0,96.0,379.0,185.0,3759.0,517.0,27557.0,61.0,737.1,66.0,85.0,390.0,1502.0,187.0,29.0,337.0,992.0,4974.0,199.0,3945.0,1005.0,30890.0,401.0,595.6999999999999,62.0,147.0,494.0,2265.0,287.0,45.0,482.0,1045.0,6023.0,18.0,2021.0
189,394.0,225.0,104.0,17.0,11.0,561.0,tampa-bay-buccaneers,398.0,29.0,23.0,8.0,new-orleans-saints,8.0,196.0,761.0,331.0,217.0,80.0,31.0,16.0,586.0,352.0,27.0,23.0,10.0,18.0,96.0,447.0,193.0,3958.0,567.0,28819.0,61.0,777.2,73.0,88.0,409.0,1550.0,190.0,30.0,346.0,1041.0,5213.0,213.0,4210.0,1025.0,33228.0,423.0,630.9999999999999,65.0,155.0,529.0,2388.0,295.0,46.0,503.0,1120.0,6408.0,19.0,2021.0
